"","companyName","mseAR","mseSS","mseMean"
"1",1010,4.9985024335878e-05,0.00023246356998309,0.0001130182110808
"2",1013,0.0217592595778231,0.0243697415759801,0.02505888100905
"3",1017,0.000156999300634,0.000196940429407666,0.000156999300634
"4",1021,0.00394051471558987,0.0171516114712461,0.0035869549038536
"5",1034,0.00213836698238645,0.0143725976824994,0.0160098260438686
"6",1037,0.453386214422211,0.42329459392079,0.491051976320293
"7",1043,0.001168464611836,0.00124288931646443,0.001168464611836
"8",1056,0.17358562251288,0.168570233480487,0.189997690562963
"9",1078,0.0276886020038196,0.0241828600774342,0.0398006148056012
"10",1098,0.0017750452070166,0.00162774111770538,0.0017750452070166
"11",1099,0.0027554789891075,0.0043165149796063,0.0027554789891075
"12",1104,0.0004344673629975,0.000675728769714839,0.0004344673629975
"13",1111,0.0719366831050206,0.113289719399824,0.06665688450713
"14",1154,0.00763611446420383,0.033059218057923,0.0016887164005012
"15",1161,0.0378310684776442,0.0616829506309126,0.0367644812663916
"16",1166,0.0107977013742088,0.0503289208555415,0.0141395142737056
"17",1173,0.00139547150256178,0.00723356619601513,0.0021930422851744
"18",1209,0.000506837068724634,0.00183891615583923,0.00035137760224
"19",1235,0.000110781028204569,9.1544576140954e-05,9.10953379201e-05
"20",1243,0.000605986574730562,0.000809582476098426,0.0001883224316713
"21",1244,0.0115644570843749,0.102393514194275,0.0412188508923
"22",1250,0.00155450089408955,0.00139376676766682,0.0009964163873726
"23",1281,0.00828824115055018,0.0140935368258901,0.010403362460318
"24",1283,0.07010477700148,0.0733809752760685,0.07010477700148
"25",1300,0.000683042368599924,0.00101457870579222,0.0006140580024225
"26",1327,0.184534137143569,0.25361249481471,0.16473086167331
"27",1334,0.0101791889786399,0.0157799550086499,0.008185458906585
"28",1356,0.00143568329981672,0.00243790498474509,0.0012562233354153
"29",1359,0.396893510235537,2.16036085604872,1.5169786156315
"30",1392,0.0116189991524143,0.00831769062595564,0.0116189991524143
"31",1408,0.000686545971663975,0.000723806387338597,0.0004382142525817
"32",1456,0.000420038199751998,0.00157988710516224,0.0001086435551263
"33",1475,5.0531424280907e-05,0.000138517371214575,3.78716758525e-05
"34",1478,0.054688405016345,0.0888011722592473,0.102498104664659
"35",1496,0.000789548007414656,0.00165339629469528,0.00080065760785
"36",1498,1.2458342520955e-05,2.2707549791837e-05,1.531361587e-05
"37",1523,0.000481965818612093,0.00251170902357309,0.0002407356358089
"38",1537,1.279539947506e-06,2.039751368255e-06,1.7675871725e-06
"39",1554,0.0221602979484052,0.053821312932712,0.0196545519109224
"40",1562,0.0167132044060697,0.320230916666392,0.0172185833929564
"41",1567,0.000166271706907118,0.000284358335582339,0.0001915584788577
"42",1577,0.00521742741453775,0.0109343932510139,0.0083977667131325
"43",1581,0.0276834292341473,0.0421872624997621,0.0069134512118975
"44",1585,536971338.436201,0.0705886914924739,0.0444679308484553
"45",1593,0.000119708910657548,0.000277643900385596,6.81550471368e-05
"46",1598,0.00236919244475135,0.00167155985925257,0.0012291186935
"47",1602,0.550864608206206,13.6720268576096,3.50737204818341
"48",1606,0.0979864558584371,0.0769390413338585,0.0930342850479125
"49",1608,0.0046552857724696,0.00545231364595937,0.0046552857724696
"50",1609,0.000191819652381327,0.000329353297959575,8.01277317248e-05
"51",1620,0.941355415542182,0.000763950694015135,0.0005771945725925
"52",1632,0.0109220482963018,0.0386679236774671,0.0948749203587273
"53",1633,0.00528052858603573,0.0227935055540188,0.0112747644823
"54",1635,0.0064363870917948,0.00615011249650301,0.0064363870917948
"55",1642,0.0006548604089196,0.000642786319332929,0.0006548604089196
"56",1650,0.803887238556332,0.840732749991435,0.90778134966666
"57",1651,0.0035719065095233,0.00572280062580772,0.0035719065095233
"58",1652,0.00390640947611253,0.0154252677361342,0.0046345246776486
"59",1659,6.54824447819e-07,9.22100310056e-07,5.642294816e-07
"60",1690,0.0085048006472972,0.0130837157362186,0.0085048006472972
"61",1703,0.283952249901257,0.273301181263103,0.30121277506864
"62",1704,0.0189740514257346,0.0191506086512756,0.0165891990710113
"63",1706,0.00417176552955731,0.0142169980634701,0.00241290376461
"64",1722,4.4056897212e-06,5.347152662521e-06,4.4056897212e-06
"65",1755,8.985278809408e-05,0.000298619097949833,0.0002108306347729
"66",1762,0.000278710261141999,0.00023226974112167,0.0010356781120836
"67",1794,7.36267082697e-05,7.2935562873406e-05,7.36267082697e-05
"68",1820,0.00401956649701598,0.0467007671420842,0.0024309341510736
"69",1822,0.088107161321958,0.0967926340849447,0.088107161321958
"70",1832,0.001023255746502,0.00108370697975617,0.001023255746502
"71",1848,3.1065221286e-05,4.245751697744e-05,3.1065221286e-05
"72",1866,0.00556021061804788,0.00479021837494978,0.0060718835425037
"73",1875,0.942553437261307,1.06643453845025,0.942553437261307
"74",1878,0.0828130538497912,0.0908898356914258,0.0945332277315868
"75",1891,0.020534159801704,0.00931171603434943,0.0157613470158888
"76",1913,0.000138633816006434,0.000222844717823717,0.0001102747362753
"77",1920,0.000515427491627531,0.000921873278217616,0.0006590885673168
"78",1923,0.00307786978418226,0.00435882819709599,0.0021880989826601
"79",1932,0.000320446827793084,0.000277742443382351,7.23496401737e-05
"80",1940,0.0720604229060663,0.079511413419895,0.0720604229060663
"81",1945,0.000705713348581389,0.00143561215839487,0.0006107216554004
"82",1968,0.00119814446272467,0.0153472137008175,0.0014198424946625
"83",1969,0.0136732824597655,0.0135548712278667,0.0136265873252868
"84",1976,0.0023188182808673,0.00246924445266018,0.0023188182808673
"85",1979,0.00484595766343834,0.00475411348828552,0.004865666568
"86",1981,0.00130751373589185,0.00188443150567285,0.0025641651108308
"87",1988,0.000841183634106969,0.000491175557394468,0.0008672855217228
"88",1992,0.000177909971548351,0.000315787185704616,0.0002241699406108
"89",2006,0.0610040526783215,0.047952563610345,0.0882691061484144
"90",2008,0.000870896314262355,0.00365586229402412,0.0006996611423497
"91",2044,0.00574699908217738,0.00921894975351909,0.01531894499524
"92",2058,0.0812967984699644,0.0881411165015259,0.0812967984699644
"93",2060,0.0161349594980744,0.0676953911119407,0.0313117267433796
"94",2061,0.002697639510017,0.00303200565712509,0.0017937965280096
"95",2070,0.0821454205701108,0.219815920476086,0.085911797617097
"96",2085,0.0113177540011443,0.0176565077771705,0.0119747615249633
"97",2086,0.0167812145301316,0.0786884332912917,0.0139704539135057
"98",2111,0.000831717102398823,0.00137711790632051,0.0018341290712852
"99",2135,0.000231225293583716,0.000692008247279065,0.0003323673602775
"100",2137,0.00309866946797818,0.00707840761531995,0.0080802900594625
"101",2141,0.000856183003402411,0.00117967774348445,0.0012484291449463
"102",2154,0.000318571173469825,0.00178549371814809,0.0005580890821172
"103",2186,0.0008165187010175,0.000901204254443809,0.0008165187010175
"104",2189,1.1002372427058e-05,2.80299132996e-05,1.71033903525e-05
"105",2190,0.000162688594218809,0.000736973161101091,0.0003485772552512
"106",2215,0.0035098442793899,0.00344438838063427,0.0035098442793899
"107",2220,0.0100921134246553,0.0081106651028049,0.0100921134246553
"108",2222,16.829163643158,55.0699749268983,21.4670551619625
"109",2224,0.0566083809858409,0.0741604425454844,0.0566083809858409
"110",2226,16.5100613082863,14.7804423627188,16.5100613082863
"111",2230,0.00199841881284433,0.00728139057077293,0.0011943162848575
"112",2235,0.00225171077904464,0.0367040317150632,0.0149286504975728
"113",2237,0.0040934716503425,0.00575303795404921,0.0040934716503425
"114",2246,0.00694437967965707,0.0115505459271248,0.0070617563724971
"115",2251,0.0234216154949707,0.15921932599262,0.0745932262796588
"116",2255,4.86602503473e-05,0.000147137439977988,4.86602503473e-05
"117",2267,0.000128952643871286,0.000507589407589539,0.000243789788781
"118",2285,0.00381017760963009,0.0142912768777914,0.0052669955924272
"119",2290,3.2394947333303e-05,4.8143359671407e-05,2.57389565248e-05
"120",2294,0.292730709567518,0.0238734216786617,0.0304771721207956
"121",2295,0.0762600749528876,0.11356623543557,0.0762600749528876
"122",2309,0.00833010434164167,0.0232101054603188,0.016426137481968
"123",2316,0.00139676386501083,0.00147347754021817,0.00114058996838
"124",2338,0.000336397822425162,0.00038903892675536,7.79678841496e-05
"125",2343,0.00822775866382204,0.010850501339589,0.00195448121539
"126",2345,0.00828550989054,0.0501118189656961,0.00828550989054
"127",2352,0.0006800375581014,0.000701550454956539,0.0006800375581014
"128",2393,0.000139352575913074,0.000417956125563429,0.0002008879044113
"129",2403,9.84300408377422,0.0587486982695341,0.0953104985859377
"130",2410,0.0018276900889347,0.00136523338705877,0.0002638918542057
"131",2411,8.2397589837116e-05,0.000373713645744586,0.0001024882739848
"132",2444,0.000145086192151568,0.000311081644440857,0.0001297662876348
"133",2448,0.0009546219205177,0.000740211778804497,0.0009546219205177
"134",2449,0.00113381532901714,0.000558509847915004,0.0009531241632916
"135",2498,0.0104075270091575,0.00262370662181481,0.0100149640307128
"136",2504,36.9755114999132,0.00727734571136828,0.0025102115849417
"137",2518,1.3519860058226e-05,0.00080656694011695,0.0002623768127396
"138",2526,0.0191949781713576,0.131107270985917,0.0235107846185816
"139",2527,1.780085494e-05,2.5146107409e-05,1.780085494e-05
"140",2537,0.0297780543688276,0.115900305948749,0.0322427337189704
"141",2553,0.0620280866399377,0.00936521340796736,0.00212611585595
"142",2561,0.00781835419543466,0.156902103722855,0.0090287777924216
"143",2562,2.793425418234e-06,0.000113970885859621,2.3490280305e-05
"144",2573,0.3834063107836,0.829434025622017,0.243665496258008
"145",2577,0.0047151372311468,0.0134993359191551,0.0047151372311468
"146",2593,0.000197562574374781,0.000883796364011638,0.0002042495890485
"147",2615,0.020397813185558,0.121469952796403,0.0235165730777253
"148",2616,6.00908295522479,6.03725069982945,6.64334673786308
"149",2625,0.372600643575172,0.390854011870082,0.372600643575172
"150",2644,0.522954535352146,0.562629212423538,0.522954535352146
"151",2663,0.000125270220091275,6.0311396942219e-05,0.0001227887963788
"152",2694,0.00312421001857317,0.0114714745529368,0.00557079415005
"153",2721,0.00220515639669686,0.00487642661322769,0.0074218437864025
"154",2771,0.0116346583069228,0.00758171121044166,0.0005291908207292
"155",2787,0.0650495631000841,0.000662420855424746,0.0018357653417225
"156",2797,0.156529055275569,0.00430990005304235,0.0040956506378356
"157",2817,0.000273687197307719,0.00213281729141795,0.0002753370524673
"158",2826,1.72837014956e-05,9.7097069397153e-05,1.72837014956e-05
"159",2846,1.40002978952859,1.48215418558709,1.22264603851298
"160",2888,0.00081189604031973,0.00153233289518891,0.0013024491827733
"161",2891,0.0449219641660175,0.114729997307807,0.0529253378130148
"162",2903,0.000469975433909891,0.01294844494559,0.0058713602397525
"163",2950,0.000212046874310283,0.000260308582172294,0.00030762442396
"164",2951,0.0125110447492535,2.14935622705815,0.0325637075137368
"165",2953,0.00875019392059701,0.0276712635450559,0.0060318566624993
"166",2965,0.0003215829402248,0.00255005811052795,0.0003215829402248
"167",2975,0.000327111512345039,0.00288845387954463,0.002047587377061
"168",2991,0.00042864079313716,0.00103254227195712,0.0002687815040977
"169",3011,9.73145141318483,12.8366797867867,13.0597239532109
"170",3022,5.66504653828e-05,0.000145679310511381,5.66504653828e-05
"171",3026,0.00170397824105259,0.00264043484058081,0.0014006027762428
"172",3031,0.0280892211183825,0.0271669904340684,0.0280892211183825
"173",3041,0.00568047728569625,0.0080538735312864,0.0041880084002625
"174",3048,0.0886796368077284,1.50484006729148,0.0963739882833974
"175",3053,0.00187671481010881,0.00827941394093179,0.0006124328912054
"176",3055,0.0230846191598068,0.0669610700602121,0.0230846191598068
"177",3091,3.9398099760599e-05,0.000576676444951077,3.19949527125e-05
"178",3093,0.00021867252308,0.000116664445223531,0.00021867252308
"179",3099,0.00775906114450844,0.0161726178539216,0.0105415961883592
"180",3116,0.410894658767163,0.371321292516726,0.41360546224577
"181",3121,0.000997025515754052,0.00229556488469784,0.0003053625567937
"182",3126,0.000114646358312952,0.000508371468462407,0.0001389688298025
"183",3156,0.529285875334911,0.523688037216679,0.529285875334911
"184",3157,0.0035804850308222,0.0238498678887387,0.0103925823702592
"185",3158,0.12752437849509,0.0772461767155088,0.135445090195935
"186",3170,8.2110448013756e-05,0.000292170830489432,0.0003600202543188
"187",3171,36.7599204748689,29.2642097726084,37.4869010607922
"188",3172,0.0955851626467136,0.150998988288611,0.101737307376093
"189",3178,2.3990629055031e-05,0.0015586652550102,0.0003071215672933
"190",3200,0.00113759492347651,0.00184853845940258,0.0012342448751204
"191",3203,0.00111959466662903,0.00507164013215473,0.00122993288484
"192",3229,0.00982614261278393,0.00626859905162599,0.0082308195895
"193",3248,3.3296128520131e-05,0.000115329043735673,2.7735516533e-05
"194",3273,0.00688667104552007,0.00582628687095965,0.008097434276857
"195",3277,0.0485881715538436,0.0171836324642607,0.0138536024910625
"196",3282,0.0119924935779512,0.0100847883771052,0.0121202913089024
"197",3291,0.00080804371224437,0.000569583095482376,0.0007574720013528
"198",3297,0.010156208161111,0.0164257976112639,0.0082323192930548
"199",3317,0.03053661409717,0.0667313226320633,0.03053661409717
"200",3325,0.00116830604915448,0.0153016400639032,0.004304109408852
"201",3333,0.00404773090784411,0.0412254603142861,0.0045059753921416
"202",3354,0.017263326261988,0.0441501672603965,0.017263326261988
"203",3358,0.0463384636030428,0.0744950944513203,0.0463384636030428
"204",3366,0.0552791772521397,0.0554701571443101,0.0552791772521397
"205",3370,0.0309379183422696,0.055272230906986,0.0384834083935952
"206",3375,0.0030964339893116,0.00323250879327695,0.0030964339893116
"207",3422,6.0016907469e-05,7.1202463180586e-05,6.0016907469e-05
"208",3478,0.0230872220487131,0.0907403719983396,0.0214859332820496
"209",3480,0.0335041548547506,0.00826336748759128,0.0221952797291753
"210",3497,0.000357542263267296,0.00014303300174265,0.0003948534156497
"211",3502,0.0006350996211097,0.000621901168306296,0.0006350996211097
"212",3504,0.0185024516640775,0.0139072945149358,0.0185024516640775
"213",3505,0.0006521589013852,0.000572445979178975,0.0006521589013852
"214",3520,0.0097177042588006,0.0232919763962199,0.0097177042588006
"215",3532,0.0317513222909546,0.039427236901256,0.0288114737865825
"216",3547,0.0001341911225784,0.000221025919656856,0.0001341911225784
"217",3579,0.000629397405956428,0.00389567780363795,0.00060606618648
"218",3580,0.00466043605911252,0.00334142185986754,0.0049319061032977
"219",3584,0.0123850084408864,0.0385785033030416,0.0147656308306077
"220",3586,0.0013298389678984,0.00162048619288131,0.0013298389678984
"221",3607,0.0123440688547577,0.0118696126796189,0.0123440688547577
"222",3612,0.00215910399078224,0.00213559773167547,0.00242729326256
"223",3619,3.100587782182e-06,1.5573049618578e-05,5.4483575104e-06
"224",3622,0.00034930738773,0.000563634372232595,0.00034930738773
"225",3639,0.000839930785146879,0.00131556055535068,0.0010086922499233
"226",3650,0.000728652912858828,0.00107286299734021,0.0008072100442073
"227",3662,0.00180697498553785,0.00558205000014553,0.0019145569024737
"228",3673,0.0409037531147516,0.167296830896506,0.047197174893533
"229",3683,0.0216364316730116,0.0173206293077986,0.0216364316730116
"230",3684,0.0439880905799099,0.0722612856041366,0.0543420480496846
"231",3686,0.000480527547101989,0.000670806031452129,0.0005203653837192
"232",3691,4.22963383518909,5.71432962621438,4.22963383518909
"233",3705,0.0112562466225694,0.022763996677215,0.0112562466225694
"234",3711,0.0756464184891886,0.110446190571861,0.0756464184891886
"235",3734,0.0021979948526128,0.00236159210685168,0.0021979948526128
"236",3735,0.000240600352626654,0.00577898135984494,0.0115806863265625
"237",3736,0.000295766816112925,0.00351933383409766,0.0002425173733086
"238",3760,0.0190842263801259,0.00203597503803695,0.00640551025409
"239",3761,0.0716386645307116,0.0475969265007722,0.0983789016784748
"240",3773,0.710566085863954,0.632184081474112,0.649211719199112
"241",3776,0.0741810659828349,0.179293684244839,0.281237639170634
"242",3779,0.0391147418018662,0.0572472275610785,0.0563193885965411
"243",3781,0.15537141440142,0.11622842747682,0.15537141440142
"244",3782,0.00679372433314029,0.0279447449854189,0.0353763028705384
"245",3785,0.0639692565932113,0.0686900482083128,0.0576374215800064
"246",3786,0.0171007341838228,0.0104960129895134,0.0171007341838228
"247",3798,0.0389867932468929,0.0633190318074038,0.0338830581416
"248",3835,0.00195669606817834,0.00119902267685669,0.0031188166967812
"249",3840,9.8936257821475e-05,0.000494493258601204,0.0001145636730916
"250",3849,0.0045561114507802,0.0115835494400967,0.0059399393768654
"251",3888,0.0101163916109716,0.0158138438203057,0.0101163916109716
"252",3892,0.0587804780315073,0.187902777679495,0.06164232415303
"253",3895,0.00161924334874293,0.00250273093234359,0.0014111803349053
"254",3907,0.0154629832626711,0.0229825247813317,0.0147656168250886
"255",3911,0.00119283150882274,0.00152070166646217,0.001548730247485
"256",3917,0.0101152911753078,0.0031528398919291,0.0112523408800575
"257",3918,0.0156971583978096,0.0163494330097853,0.0156971583978096
"258",3935,0.0003872110912572,0.00130407870630067,0.0003872110912572
"259",3946,0.00196328236338668,0.00819599722036338,0.00320322979914
"260",3949,0.0036377673823857,0.010479876332746,0.0036377673823857
"261",3955,0.0066709645095337,0.00520172638149883,0.0035839200890648
"262",3957,0.00816783356188718,0.0126102825206392,0.0094090317576645
"263",3971,0.00152075951087462,0.00248048207385647,0.0018332404432175
"264",4020,8.494643738078e-06,5.5873039530701e-05,6.4469908136e-06
"265",4036,9.0300290133308e-05,0.00118351140122112,0.00021643406051
"266",4054,3.8701268003e-08,6.10096521252e-07,3.562078566e-07
"267",4058,0.000877375756326617,0.00219432786902838,0.0022802962829912
"268",4060,0.00422161698733949,0.0135402724793961,0.0039225474812097
"269",4061,3.60353344725971e-05,0.000394674552593483,3.74826265536e-05
"270",4069,0.0003537343282592,0.000331380251286968,0.0003537343282592
"271",4073,0.0133492817230061,0.000480242746194627,0.0004537149232428
"272",4077,5.34748622908932,56.453377712291,5.34748622908932
"273",4086,0.000407072468703803,0.000691887694241805,0.0003254239473725
"274",4087,0.0196162226207498,0.0236610242430784,0.0207400173812428
"275",4108,0.000982937111606273,0.00141127552794363,0.0008982445240652
"276",4124,0.0189234576095714,0.0250401320107185,0.0251994363303716
"277",4126,0.0001459714348183,9.6923804308517e-05,0.0001459714348183
"278",4127,0.000939240897680752,0.0095543320413462,0.0062447654266977
"279",4128,0.000199262144505741,0.00966210236757685,0.0015465477094033
"280",4132,0.0255961080538206,0.031079198640476,0.0389931608623768
"281",4140,0.0608414313046804,0.0397942021189611,0.0608414313046804
"282",4145,0.0272742881421214,0.0291178519726027,0.0266872084261873
"283",4148,0.06647635772377,0.0560424668971598,0.06647635772377
"284",4162,0.00751169008584231,0.00927134930809165,0.0024644427336574
"285",4168,0.000669882050957937,0.000407059415139551,0.0004692062306779
"286",4186,0.0003381980209193,0.000325141283833203,0.0003381980209193
"287",4194,0.00351890013463037,0.00412198549702445,0.0020922004920768
"288",4199,0.000967662758379101,0.00615074817400812,0.0009675658129273
"289",4204,0.0001698527056592,0.000174690980583984,0.0001698527056592
"290",4213,0.000645969979381314,0.000765576077350173,0.0008781796716828
"291",4222,0.0028305503489193,0.00287715165699656,0.0028305503489193
"292",4223,0.0036122374813604,0.00734015334532308,0.0036122374813604
"293",4225,0.00360657777725523,0.0644524759885016,0.0189732552630336
"294",4245,0.462145386269747,0.349494838446534,0.462145386269747
"295",4248,0.454707474101114,0.457037662112371,0.46569870292106
"296",4250,9.320074984032e-06,0.000618292240944759,0.00041097363201
"297",4265,0.0213128053915681,0.515211392349619,0.0358482906778449
"298",4274,0.0172238008838967,0.0263955552905189,0.0204186224475846
"299",4275,0.08329141024373,0.308490366380976,0.08329141024373
"300",4277,0.0482742546276654,0.0365555023554252,0.0482742546276654
"301",4279,0.522243393276853,0.0385981131287822,0.0365041433891008
"302",4283,0.0527790550128054,0.0713735787747576,0.0564090181379928
"303",4292,0.0322383950865252,0.0385746502245286,0.0322383950865252
"304",4296,0.0072524111195972,0.0229466781287806,0.0072524111195972
"305",4312,0.0226763000654157,0.0147665398119862,0.0256482461467094
"306",4321,0.000647048139142684,0.00175083637583723,0.0010809655261948
"307",4335,0.00144585502626538,0.00119416090876996,0.000913901017598
"308",4340,0.127087406932467,0.212307123531435,0.117918969666854
"309",4352,0.960913942411091,3.53474731186537,0.960913942411091
"310",4371,0.000344244537852013,0.000883614841704212,0.001060932724772
"311",4374,0.007139930767854,0.0168947995981131,0.007139930767854
"312",4409,6.73353189564669,3.71873613969924,12.4589942478571
"313",4413,0.00060890407242,0.000701689321870033,0.00060890407242
"314",4415,0.00347310961059827,0.00735662595837085,0.0027892075119015
"315",4418,0.113014013364002,1.52308770476951,0.54871966541704
"316",4439,0.111686370669121,0.0858252770295907,0.111686370669121
"317",4448,26.9364282944669,0.0008508256671696,0.0003577638474692
"318",4450,0.000718127504666248,0.000462341443863709,0.0006277990093655
"319",4460,0.00252223656374706,0.0559084599046275,0.0009843371801025
"320",4462,0.0212454830685442,0.0200991229164495,0.02224858434753
"321",4467,0.205329305077015,0.24293610093355,0.236042037348955
"322",4476,0.391007969628501,0.764292530998392,0.402663770418037
"323",4477,0.154853676462458,0.769345200614429,0.412480265389249
"324",4479,0.000366197572743291,0.000926728071477613,0.0006590939718525
"325",4497,0.0028373636846096,0.00320043572729314,0.0028373636846096
"326",4503,0.000216776640955853,0.000538950628976777,0.00017292531728
"327",4507,0.0085819719072557,0.0104245674802452,0.0085819719072557
"328",4510,0.000428441964564122,0.00160777860682031,0.0004312740664352
"329",4520,0.000185050919249674,0.000398647377760634,0.0002773609353921
"330",4530,0.00808933850140035,0.00953418780767993,0.0118835540450703
"331",4551,0.0462821362740125,0.0519863548894426,0.00977709208765
"332",4555,5.0776748292247e-05,0.000451310473343698,4.1720160064e-05
"333",4584,3.0692637117e-06,2.510959986453e-06,3.0692637117e-06
"334",4585,0.000690892954028,0.000380227893869856,0.000690892954028
"335",4600,0.0007461817102988,0.000741497868229405,0.0007461817102988
"336",4622,0.000225557217755519,0.00167321176802265,0.0020894144728672
"337",4623,0.0189981319641969,0.0216764544875924,0.0189981319641969
"338",4639,0.0107957261659565,0.0108114787893512,0.0107957261659565
"339",4641,0.00497398384738103,0.00712403674869501,0.0052002210890491
"340",4671,0.00484075247183987,0.00260313953614885,0.00157156578672
"341",4675,0.0105790305575196,0.00825727593382242,0.0105790305575196
"342",4719,0.000958297431341984,0.000444257916315389,0.0009351416119132
"343",4768,4.6214838003015e-05,0.000181116635072479,4.98595107084e-05
"344",4771,2.36419116652e-05,3.3002447939216e-05,2.36419116652e-05
"345",4807,0.043886194713534,0.036222690399342,0.043886194713534
"346",4839,0.00212642039157702,0.00337550108785248,0.000542107981314799
"347",4843,0.0177053019227516,0.0313790498720938,0.01912292423948
"348",4864,7.7436075112653e-05,6.0547126610716e-05,0.0001643769561336
"349",4881,0.000236685404476426,0.000597393893777772,0.0001788324916713
"350",4926,0.000488069339878192,0.0007530165027408,0.0004154456936932
"351",4940,0.000245857351081629,0.000653074763885872,0.00037144684489
"352",4960,0.0001441383011526,0.000443204604847415,0.0001441383011526
"353",4961,0.001253019078464,0.00146776786548333,0.001253019078464
"354",4962,0.0069976928229171,0.0033225883436357,0.00503075358952
"355",4972,0.0681439493773762,0.0528790251986667,0.02976192861701
"356",4975,0.00032723959127,0.00160407575995836,0.00032723959127
"357",4985,0.00581733779602457,0.025788791881715,0.0049892680985488
"358",5014,0.00171409317818421,0.000862407125955976,0.0011244805175607
"359",5018,0.00028057429125108,0.00218612122286675,0.0003852390935497
"360",5020,0.243722574226831,4.99308596854565,1.12806455062033
"361",5032,0.000250772257499714,0.000173510464024026,6.26403229932e-05
"362",5046,1.21576679913459,0.0124434805360922,0.00430480046439
"363",5047,0.00187177644124884,0.00140906642977968,0.0030165890677225
"364",5063,0.020544137273815,0.0580320412828893,0.0233163913051788
"365",5070,0.00270997847041742,0.00795356534235672,0.0027943763047288
"366",5071,0.000308832716338373,0.000271024933904126,0.00022705913928
"367",5073,0.000996640560416893,0.00162255205244478,0.0011289284797
"368",5087,0.0212293358667615,0.0217331007927426,0.0115340898045452
"369",5116,0.03130137192846,0.0758337696163062,0.03130137192846
"370",5119,0.00110991115856757,0.00508736485583888,0.0017137164997245
"371",5122,0.0360778571824941,0.00829302055956638,0.0264851866162336
"372",5142,0.0045841925273984,0.00424200936745849,0.0045841925273984
"373",5165,0.0694757710742362,0.0747998057574448,0.130979135619904
"374",5166,0.039885537028099,0.0427971221042576,0.044586998395457
"375",5169,0.000161077078683977,7.4439955525818e-05,0.0001424166692375
"376",5174,0.00240639527286972,0.000734510056808518,0.0032353186751016
"377",5180,215.914794771995,0.0468904250803336,0.0763786468586337
"378",5181,0.00122059873734183,0.00201384527510574,0.00141457692971
"379",5198,0.00423923177847255,0.00660368395948135,0.0095735436431492
"380",5229,0.00276888903606548,0.00669035469995189,0.0097107049502977
"381",5234,0.000377827180400246,0.00135716578532609,0.0003451452477857
"382",5250,0.000575009132899141,0.00154199984401632,0.0023336581085377
"383",5252,0.0002641432220625,0.000246824498288197,0.0002641432220625
"384",5253,0.0288363315343524,0.0409601618565421,0.0288363315343524
"385",5306,0.00312062841419659,0.00524124208641415,0.0025513599071415
"386",5345,0.000414996449403151,0.0363494527041006,0.012544936455924
"387",5369,3.5800932575e-05,0.000151480628587659,3.5800932575e-05
"388",5377,0.000339548082047278,0.00186863611513007,0.0023207931108696
"389",5399,0.0012208962438205,0.0109206327798266,0.0012208962438205
"390",5404,0.00896828358939,0.00453605567562774,0.00896828358939
"391",5419,9.83505653368e-05,0.000227679393065352,9.83505653368e-05
"392",5439,0.000334568194464113,0.0012227166758858,0.0002459506364412
"393",5492,0.00324646300374495,0.00424210098366213,0.0031029542507217
"394",5496,0.000246915424514584,0.000741937970664927,0.0001815472459977
"395",5518,0.00108054548492138,0.0193935068349395,0.0040172837506297
"396",5520,0.108753416668932,0.121101860578769,0.0158485664085068
"397",5545,0.000759535238080088,0.0057428710488143,0.0058300593818392
"398",5566,0.000217247103395627,0.00109562663097304,0.0006600738949688
"399",5567,0.00122576184721916,0.00303347895229177,0.001155405510376
"400",5569,3.7754571609e-06,1.1872756029297e-05,3.7754571609e-06
"401",5574,6.85489579196501e-06,9.2424710585255e-05,6.31168041245e-05
"402",5578,0.0284100408777775,0.0222275323126344,0.0284100408777775
"403",5589,0.0040709752322833,0.00475908049103254,0.0041142232734432
"404",5594,0.012333698248259,0.0230423342902828,0.0102530755454975
"405",5597,1.402813894422e-05,0.000160221482755765,4.37946741017e-05
"406",5606,0.0301624948749556,0.0382885591418434,0.0261782223727273
"407",5608,0.0016432398810977,0.00138855712660829,0.0016432398810977
"408",5614,0.00123571180220864,0.00260395549860717,0.0011940118598725
"409",5621,0.0677320756584845,0.0457562898681608,0.0508093041550052
"410",5639,0.000196928579997178,0.00141736280927686,0.0021045557704625
"411",5650,0.00190820226814605,0.00524443206531427,0.0012936978415084
"412",5690,0.0004510761745368,0.000345092258200815,0.0004510761745368
"413",5691,0.000133438442205786,0.00176742465746272,0.00130807206852
"414",5693,0.000137629868403585,0.000563864816906627,0.0007627087872344
"415",5709,9.712164968516e-06,7.682157073737e-06,1.07256672657e-05
"416",5782,0.000181129354715552,0.000228365353611148,0.00018157062951
"417",5788,0.0161830661461743,0.03559240389475,0.01670237913237
"418",5791,0.00782015413067,0.00552690466022339,0.00782015413067
"419",5798,0.0580888556197273,0.19649094996727,0.04321126626333
"420",5818,0.0615915041519649,0.0956740135032789,0.0524930018931184
"421",5837,0.0097171352577575,0.0117181535136804,0.0097171352577575
"422",5839,0.00562976979712925,0.0074074806173055,0.0064939872289
"423",5846,0.154630318858891,0.0819919586962359,0.17622397722158
"424",5860,0.0167210142343061,0.03650268317845,0.0178107160091152
"425",5862,0.000141412383540437,0.00060474033815502,0.0001740262723313
"426",5869,0.264394282985588,0.372900103907255,0.326450669514371
"427",5878,0.0001443478558417,0.000293938011475722,0.0001443478558417
"428",5885,18.5062133798877,103.228139312158,3.49875919397865
"429",5888,0.303817183130042,0.373522140809274,0.436823857156401
"430",5894,0.00624036205253353,0.0040190007690302,0.0036364740620425
"431",5901,0.227433187718597,8.98056555550312,1.71620139235581
"432",5903,0.0001924852381772,0.000327143585322075,0.0001924852381772
"433",5905,0.000555224514004869,0.000499737974557441,0.0007503275302244
"434",5928,3.417887132e-05,2.897297844202e-05,3.417887132e-05
"435",5932,0.00029694382351,0.00149439956401716,0.00029694382351
"436",5944,0.0811952703796911,0.078639989642363,0.0731053482600854
"437",5959,0.00350457792223054,0.00319570680861574,0.0031892737833825
"438",5961,0.0036404106133896,0.00795882864171657,0.0036404106133896
"439",5973,0.0358705023032372,0.0110445568628747,0.0358705023032372
"440",5977,0.0001130625884143,0.000819449024236919,0.0001130625884143
"441",5986,0.0011315310497056,0.0018552743349984,0.0011315310497056
"442",5987,8.65077398697e-05,0.00171630039389609,8.65077398697e-05
"443",5988,0.00459669239411582,0.011071077801199,0.0110070618919851
"444",6003,0.0977892750366762,0.887412970004357,0.0853918067895054
"445",6008,0.0116664803872913,0.0221512526995366,0.0116664803872913
"446",6010,0.0425523243229747,1.08152791483854,0.0704757526274288
"447",6013,1.57636474523584,1.39209004802531,1.57636474523584
"448",6020,0.00951512955156492,0.00893040694454408,0.010959000836
"449",6021,0.157443612581584,0.0960946386835724,0.150129482596077
"450",6035,0.0325529486681251,0.0500442347217561,0.03331484582618
"451",6036,0.00676744497049763,0.00939616303611029,0.0068224726909416
"452",6038,2.8768641102223e-05,3.3729160950642e-05,1.93115021852e-05
"453",6039,0.117565255854006,0.285235572151069,0.117565255854006
"454",6062,0.0003730261900728,0.000586829058106389,0.0003730261900728
"455",6066,0.0288899583564573,0.0135004081906178,0.0024602289380148
"456",6078,0.00382508501002754,0.00435732058188013,0.0026991362260473
"457",6081,0.000665331372744391,0.00704104603507188,0.0009085296613068
"458",6096,13.1754383143552,0.0306105865106697,0.0373136881635376
"459",6097,0.00341168177983922,0.00526719985532193,0.0029231063680337
"460",6102,8.94264746241e-07,1.0415420042111e-05,2.7932327565e-06
"461",6109,0.0127154702483116,0.0370315090958456,0.0159185751572
"462",6110,0.215434572981708,0.134676256290316,0.168264208686159
"463",6130,0.0642771845513524,0.0810412057191567,0.0817277001672654
"464",6152,0.012666271571584,0.0373207592437276,0.012666271571584
"465",6158,3.82601546406e-05,3.209659100865e-05,3.82601546406e-05
"466",6159,0.0017767806414868,0.0296115101060044,0.0017767806414868
"467",6169,0.0247640575500699,0.161282720829926,0.0604933284221734
"468",6171,0.000251878333956834,0.00312733018474466,0.0033974422694486
"469",6185,0.990741123722478,1.46787032592815,0.990741123722478
"470",6193,0.0470562125586592,0.0526253448922277,0.0470562125586592
"471",6207,0.00407265222857056,0.00433021787269758,0.0036219778468497
"472",6226,4.98262524816e-05,9.5951471476164e-05,4.98262524816e-05
"473",6266,0.0172173164297923,0.0116490098503419,0.02622850413994
"474",6268,0.000225938887766989,0.000227627679835931,0.0002402489571137
"475",6287,0.0855632012870514,0.0010415046333036,0.0011333099340525
"476",6304,0.0544462248228852,0.0429560016452221,0.0544462248228852
"477",6308,0.000113373817838155,0.000481740530889383,0.000110443832594
"478",6314,0.0322255719871613,0.011099449443918,0.0254133797795812
"479",6315,2.77694453806399,0.0694720557580633,0.0251694281082344
"480",6326,0.00104985340779699,0.00179209003023502,0.0011728182274832
"481",6370,0.0109244394516937,0.0232663551573146,0.0194901257013937
"482",6375,0.000315001932421578,0.000547848309254368,0.0004100831062833
"483",6386,0.00444159539471016,0.00192940400593516,0.0038691844393225
"484",6403,6.563451968146e-06,2.2482344502899e-05,1.36585783925e-05
"485",6410,0.0005052140301616,0.000348837029604048,0.0005052140301616
"486",6416,0.0168785366332465,0.0765935973634607,0.028835137298498
"487",6431,0.0015853238955626,0.00112187260817479,0.001430606205064
"488",6433,0.000174229792605876,0.00188246732941553,0.00020948806731
"489",6435,0.00022241549724967,0.00286042181928608,8.49382919328e-05
"490",6467,3.56433214006e-05,0.000135023257321032,3.56433214006e-05
"491",6471,0.000336946541267022,0.00044639113222715,0.0004319836151104
"492",6492,0.00213307715531,0.00304265391773682,0.00213307715531
"493",6497,0.000612844701750878,0.00219042524494202,0.0012137966650633
"494",6506,0.000478323683839138,0.00227637390991935,0.0004852233725924
"495",6507,0.000678721726029776,0.000459599645575491,0.00027319519778
"496",6509,0.0415032315374393,0.0343421284082262,0.0415032315374393
"497",6528,1.4852622144639e-05,3.3734890485706e-05,3.90478559637e-05
"498",6529,0.218169906767489,0.347679245143596,0.137287492599372
"499",6532,0.569095831231052,0.482465841829946,0.569095831231052
"500",6543,1.54094217144e-05,2.5384951874665e-05,1.54094217144e-05
"501",6552,8.895150369871e-05,2.7685727156232e-05,7.39348038797e-05
"502",6565,0.02952338258897,0.0222914920148859,0.02952338258897
"503",6601,0,0.000517850787805735,3.68828398272e-05
"504",6603,0.00300514557496986,0.00461478690225415,0.0031946643625496
"505",6618,0.000256173441359851,0.000393943953992151,0.0002316490517041
"506",6631,1.1356815694373e-05,0.000373079168250673,0.0002344878440728
"507",6638,0.772142358170444,0.915003011263774,0.86471780228486
"508",6641,0.00447603355278691,0.00571563221660901,0.0081401843278135
"509",6649,6.0593481736842e-05,8.209756187394e-05,6.97150249344e-05
"510",6701,0.000650413405666615,0.00185218153528424,0.0004313103933225
"511",6722,0.00909779494005412,0.00761699573870015,0.01737160696617
"512",6730,0.0927059958115016,0.0333983421658416,0.0863362182956593
"513",6731,0.00113440708913168,0.0166335715821988,0.000417818365946
"514",6737,0.000830858801961654,0.000776651603473465,0.0006267688556488
"515",6740,9.0257256e-09,3.5624955716689e-05,1.90261090668e-05
"516",6756,0.000276014004873242,0.00044136488661085,0.0002505245401308
"517",6765,0.0005122436595064,0.000559565740886068,0.0005122436595064
"518",6774,0.00597903174399245,0.0163738057342073,0.0007592879927473
"519",6776,5.0756690364768e-05,0.00151690232851746,0.0004360430803344
"520",6785,8.000828633128e-06,7.3459888772246e-05,5.89687392767e-05
"521",6803,5.292760669828e-06,4.709509565105e-06,4.1563245e-06
"522",6807,0.00109924602319904,0.000861994285468937,0.0001182189346285
"523",6830,0.000763584274674899,0.0059573363100579,0.0008912316302025
"524",6839,0.00196755220729456,0.00485330992017038,0.00177736852107
"525",6845,0.0002786253058817,0.00134767258130431,0.0002786253058817
"526",6848,0.0052832089160553,0.0113298223149838,0.0052832089160553
"527",6856,0.00398533197828111,0.00135771391337635,0.0005727180206325
"528",6900,0.0020381289702048,0.00308697203223361,0.0020381289702048
"529",6908,0.0012743784186744,0.0013452007034283,0.0012743784186744
"530",6919,3.24898093201e-05,3.3222758304349e-05,3.24898093201e-05
"531",6922,0.164807619271245,0.526230975961309,0.164807619271245
"532",6946,0.000414920798341,0.00043648919085265,0.000414920798341
"533",6972,0.000964367397362503,0.000839005455417704,0.0010422837085524
"534",6994,2.58563056472e-05,9.7493111962606e-05,2.58563056472e-05
"535",7007,6.0684395797118e-05,8.2260089126204e-05,6.906138948e-05
"536",7040,0.000352936594355397,0.00995945527895217,0.0024318241822645
"537",7045,6.9505876718183e-05,0.000481831823828013,0.00014118503214
"538",7059,0.000472598092500811,0.00201653911932985,0.00047466319855
"539",7092,0.0550144610936051,0.0852227808679434,0.0469297688762333
"540",7107,0.000607491702691277,0.000357006498972474,0.0005177474743173
"541",7116,0.000220674069072758,0.000422552639554416,0.00030967692474
"542",7117,3.3692569113895e-05,4.0430628780268e-05,3.65550383737e-05
"543",7123,0.0062139427072675,0.00568317990975886,0.0062139427072675
"544",7146,0.000388298209502421,0.000156907809233284,0.0004397037567248
"545",7152,0.0005939291447224,0.00066924470781053,0.0005939291447224
"546",7155,0.00149855867017935,0.00105609921550642,0.0010819259808383
"547",7182,0.00133599490959199,0.00580134056568738,0.0012705144998848
"548",7183,4.54786651895871,4.61882347919382,4.54786651895871
"549",7192,0.693122983224362,0.743372211951027,0.693122983224362
"550",7205,6.31363272175e-05,0.000178938527270614,6.31363272175e-05
"551",7217,0.0044792347122808,0.00335174254569297,0.0044792347122808
"552",7228,0.01093877690374,0.0129305618859365,0.01093877690374
"553",7250,0.0162241586245896,0.0285338741020103,0.0208827986705164
"554",7251,2.05072398978277,0.117457083251416,0.152572163201224
"555",7257,0.0368247592847582,0.0297206841849891,0.03529917082511
"556",7268,0.0394055097676024,0.0226101946427978,0.0394055097676024
"557",7281,0.000169761679213405,0.000747922240797131,0.00016964195631
"558",7291,0.000294394998971019,0.00486614087725474,0.0016404171303456
"559",7295,0.0113830544788431,0.0196423505163489,0.010867771251998
"560",7300,2.0077403893316e-05,0.00026841362662168,0.0001979577514688
"561",7329,0.0944685093036659,0.109206150501745,0.105768493159646
"562",7331,0.0047028277656468,0.00441781013723203,0.0047028277656468
"563",7336,0.0229816734736364,0.105694404371282,0.0229816734736364
"564",7341,0.0431339810562498,0.0205577574416917,0.02084522032813
"565",7343,0.0623947626101818,0.0398288992426526,0.0729784659309716
"566",7346,0.0302395983885937,0.0277353418369863,0.0293375693250057
"567",7350,0.0034129592138366,0.00559512486766377,0.0034129592138366
"568",7401,0.0005479789035344,0.000478315183497924,0.0005479789035344
"569",7409,0.0333358364266825,0.0334783928324825,0.0333358364266825
"570",7416,0.00718567940472695,0.00721670490265226,0.0079476135977316
"571",7420,0.00183897429574906,0.00349584553784498,0.00124727841869
"572",7435,0.000549475824576256,0.00591429017314115,0.0012803478153337
"573",7469,0.380026536845238,0.389506657087227,0.40055564174278
"574",7475,7.488062143474e-06,2.1709605248116e-05,1.05946414856e-05
"575",7481,0.00684999378127656,0.0208654652071854,0.0042049983362936
"576",7486,0.000477355723846946,0.00247639861676232,0.0005986954817444
"577",7503,11.6421805940658,6.252312661733,11.6421805940658
"578",7506,0.0003698555228552,0.000684235891730217,0.0003698555228552
"579",7526,0.071231007364305,1.15284479195773,0.30857875957127
"580",7536,0.0650729745912545,0.0885714816125933,0.0978917294653048
"581",7549,0.00162884107571309,0.00563946184429054,0.0014414369586812
"582",7551,0.00019086772083438,0.000133591395234963,0.000166815996781
"583",7554,6.0819170289871e-05,0.000160526923922606,0.0001179369298491
"584",7557,0.0024599425683251,0.00691169395248657,0.0035543821628704
"585",7574,0.000178366660931486,0.000572939083343588,0.000318407076385
"586",7576,0.0724282140109925,0.155125774875393,0.0724282140109925
"587",7585,0.0172867656461356,0.0143500810313797,0.0205195039519952
"588",7602,0.000147156697856953,0.000191406270786323,0.0001847290296896
"589",7637,0.0114276884322122,0.058865719616745,0.0168459102428844
"590",7640,0.0290093125622807,0.0577929105349223,0.018748467440428
"591",7642,0.0300336412999987,0.0421993174649592,0.0089002778324247
"592",7652,0.00249557498836629,0.00728700437107045,0.0015124277573735
"593",7658,0.0032597556172788,0.0217744039787387,0.0032597556172788
"594",7662,0.449824726116103,2.06840481892716,0.739986195084808
"595",7679,0.000635008104075777,0.00113162339994424,0.0011195438259596
"596",7682,0.0996704555091126,0.125881706010864,0.0996704555091126
"597",7685,0.00100798569114606,0.00320443422458113,0.000742591172797499
"598",7692,0.00291832101875881,0.00507167313950721,0.0024127044990657
"599",7705,0.0513274438716415,0.0330956827478958,0.05646452340131
"600",7718,0.00146965832220705,0.00162757721523803,0.001169473133916
"601",7753,0.0186743124420473,0.037335357513396,0.0201080978425128
"602",7759,0.0102976515224168,0.00522703953134896,0.01218552005137
"603",7772,0.0862643518360887,0.0587038198527276,0.10492228419341
"604",7777,0.000939335504514492,0.00155496638698029,0.000893470309118
"605",7799,5.74194444832e-05,0.000169613970552718,5.74194444832e-05
"606",7822,0.00126650862605947,0.00530148210734709,0.0012561598392516
"607",7828,0.00682841230550551,0.00658940395613968,0.0080711957422532
"608",7883,0.0102152200584208,0.0336312736399902,0.0182127496375648
"609",7906,0.000236335823375997,0.000167208297798575,7.63324262e-05
"610",7908,0.00212603318785572,0.000557451546869534,0.0003937591352916
"611",7921,0.0019615198137313,0.00769968362235864,0.0019615198137313
"612",7938,0.000240924653589175,0.000789393995832948,0.00034872667498
"613",7952,0.0138443268489743,0.00579048770110259,0.0140333415624252
"614",7980,0.0316445628894007,0.0282073604774899,0.0762286969888208
"615",7985,0.0241514099079765,0.0297072509151536,0.0312621958366192
"616",8014,0.0237650068136282,0.0376827646084958,0.0340324784839139
"617",8020,0.0859685745596894,0.00889144348907721,0.0349015124628628
"618",8047,0.00481623109597726,0.158701138443055,0.0074490214948508
"619",8051,0.00330961958243857,0.00378654950291403,0.003879231604893
"620",8062,0.0894261258440508,0.134063630685715,0.0817902460234576
"621",8068,2.7099979213852e-05,3.0065208799297e-05,1.028506495e-05
"622",8071,0.000463023321727033,0.00186540700393886,0.00142789306753
"623",8087,0.052640014701156,0.0581293848838869,0.0587692377312736
"624",8105,4.7234464284115e-05,0.00164630766899488,2.76538854393e-05
"625",8109,0.000207151330154945,0.0015321143136532,0.0002913446213384
"626",8123,0.00685157956607554,0.0252814439999795,0.0054695067539908
"627",8162,0.0137213150273771,0.0279405636642769,0.0208987149419095
"628",8163,0.002919033353832,0.0151322197826924,0.002919033353832
"629",8169,0.0167639669697806,0.108251603951641,0.0124630616232824
"630",8195,0.00268871741112748,0.0076365096734254,0.0022808152196708
"631",8202,0.000185180894116737,0.00092569078393326,6.31617581449999e-05
"632",8214,0.000416309414075974,0.00069380177135114,0.0004875661604953
"633",8215,3.53034074248e-05,5.6569853982161e-05,3.53034074248e-05
"634",8247,0.000821582346691576,0.00231569585682757,0.0004752647190073
"635",8250,4.7307080903587e-05,0.000199346331812162,3.1638783718e-05
"636",8253,0.000230556546328925,0.000215747371893292,0.00026266294781
"637",8280,0.00049145453963367,0.00319662603722893,0.00059818158451
"638",8288,8.15845069464e-05,0.000197505746773164,8.15845069464e-05
"639",8304,0.0023907265093217,0.00250418000519068,0.0023907265093217
"640",8333,0.0526194569257075,0.0660891056133703,0.0377574139417973
"641",8334,0.0147758195112496,0.0233545133241555,0.010176020826784
"642",8358,0.0001088338616572,0.000180739136735805,0.0001088338616572
"643",8365,0.000953396445337785,0.00259941375714785,0.0011144136889828
"644",8388,0.355705661957847,0.45263475872629,0.271535203467057
"645",8417,0.0128782729600847,0.106828662767781,0.0274031980243416
"646",8423,0.00186339632426576,0.00502823817620873,0.0010834364733695
"647",8434,0.00113022749644711,0.00112987813933792,0.000863322515093
"648",8463,0.000543374747441433,0.000522360542366734,0.00086862252494
"649",8480,0.00481167935136401,0.00969062463206856,0.0081281464911356
"650",8488,0.0179715283293869,0.00927600904897375,0.02157785550131
"651",8517,0.000197642762169661,0.000731066257899632,6.27148351583e-05
"652",8526,0.0410369883065013,2.63505334033149,0.493998466787909
"653",8530,0.194787980033213,0.0730545281930996,0.144685735440923
"654",8536,3.6237222600324e-05,5.372119156985e-05,3.54658434393e-05
"655",8543,9.9115271726e-05,4.0262543103795e-05,9.53910443184e-05
"656",8546,0.004004010265804,0.00607241902375611,0.0035296568489864
"657",8549,0.000451034898210461,0.000763273782096844,0.0003791550885728
"658",8559,0.0939878108784856,0.0983071998483951,0.123368389566935
"659",8573,0.000874772728951194,0.00514653402680857,0.0007657476166608
"660",8596,0.0280808588230468,0.0103857672013939,0.0086256429137836
"661",8606,0.00288813580266122,0.00118197041312749,0.0004358216540912
"662",8637,0.0147424051811465,0.00477006452880141,0.0114133618823241
"663",8657,0.00612854856821537,0.00287051562033821,0.0070572594497971
"664",8666,0.0854462212528213,0.370661458468249,0.0854462212528213
"665",8681,0.0197214460017195,0.0527329586616882,0.0182521333151012
"666",8682,4.4081383744276e-05,8.5016126865665e-05,0.0002061624792
"667",8699,0.00063805820337966,0.000912445411137753,0.0004501933769908
"668",8711,3.9076170196154e-05,0.000580361894387588,0.0003407756670925
"669",8717,0.0003152131713264,0.000908879334630048,0.0003152131713264
"670",8726,7.39944793677e-07,7.228959057355e-06,4.07705414e-06
"671",8759,0.00465026607594647,0.0335329086813536,0.0319205325184044
"672",8762,0.000972184890658593,0.00245273242630685,0.0017769169780612
"673",8812,0.0015933819229201,0.00200750119712573,0.0015933819229201
"674",8846,0.00167823932619772,0.0052306359957204,0.00346928580282
"675",8850,0.00433850895599934,0.00856665401888646,0.0022455921428737
"676",8852,8.02528976611e-05,0.00010177832265043,8.02528976611e-05
"677",8858,0.297296083400866,0.317405206075717,0.303585651665481
"678",8864,0.0036840324250353,0.00376647418710354,0.00265838706948
"679",8867,0.0244563758807854,0.0276015421264306,0.0274735628709855
"680",8872,0.603744655226831,0.655486031450996,0.258529655557378
"681",8880,0.00582429219996218,0.0294123536038047,0.0081079006978072
"682",8881,0.0097699419031337,0.0110318242937583,0.0097699419031337
"683",8934,0.00920207073015,0.0136471003830312,0.00920207073015
"684",8935,6.21617431986e-06,6.0462008443419e-05,1.0888308496e-05
"685",8958,0.0002099573378872,0.000304161872454295,0.0002099573378872
"686",8960,0.00328599163727722,0.0292912021688683,0.0030787638885225
"687",8964,0.000620333177485188,0.00396841018744944,0.000981669020978
"688",8965,0.000736458057856307,0.00292642286689592,0.0011280862266887
"689",8972,0.00132628680671735,0.0170861966123581,0.000960978991220001
"690",8984,0.000122036896005655,0.000631651014574349,0.0001648059572023
"691",8989,0.00652160472678933,0.00352962171017985,0.000900106931084
"692",8990,5.54761003896e-05,7.5884994193898e-05,5.54761003896e-05
"693",9048,0.715229593827274,0.579644366728357,0.715229593827274
"694",9051,0.0080979771459025,0.0232972884919975,0.0080979771459025
"695",9071,0.00874145543981361,0.00906597361694986,0.0087149382028851
"696",9074,0.0109475693524557,0.030691710231095,0.0059674808337
"697",9098,0.00627940194392789,0.0094649459830259,0.00718683283862
"698",9112,0.0205542372483652,0.0174178819777166,0.02143934246022
"699",9114,8.1155323357138e-05,4.4375188298e-05,3.2760394156e-05
"700",9173,0.00159903290784648,0.00305434499842896,0.0006864812333
"701",9186,0.0017017209345376,0.00495668796725168,0.0024126803942739
"702",9191,0.189562891435942,0.390726258002255,0.0697588910161468
"703",9203,0.00822263856424102,0.0116035633948187,0.0118244367880873
"704",9216,0.00104178376935231,0.0032856429852633,0.0015582297277025
"705",9217,0.00804852836443649,0.00958047706877477,0.0026113745501377
"706",9236,0.00106552147513298,0.0522567661038484,0.0407714160209127
"707",9243,3.925126296324e-06,0.00028645079775944,3.74650968952e-05
"708",9267,0.000124259640731544,0.000432833320884338,0.000114941784374
"709",9280,4.845777848639e-05,2.3533444079091e-05,3.50997715828e-05
"710",9285,0.000213730204637998,0.00228444602649643,0.000256806341915
"711",9308,0.00202261794000963,0.00279482919162107,0.001502488836524
"712",9323,0.0113829687097,0.011449321565915,0.0113829687097
"713",9325,0.0003842137936889,0.00120522444314634,0.0003842137936889
"714",9332,0.00065763802945125,0.00275002329192732,0.00048923611386
"715",9340,0.587484285977278,0.573162532217977,0.587484285977278
"716",9347,0.0056681600106236,0.00575802994370063,0.0056681600106236
"717",9358,0.000461544032421162,0.00191374431338481,0.00106167798575
"718",9366,0.0005382280069308,0.00101898831063526,0.0005382280069308
"719",9372,0.0683865076638208,0.112210337988252,0.0683865076638208
"720",9384,2.397168062896e-06,8.9141853811517e-05,2.42097769454e-05
"721",9443,0.0284685760089189,0.109199707125029,0.010719695502066
"722",9458,0.000512466740226411,0.00121789523044931,0.0011636035887432
"723",9459,0.0298020911526796,0.0459722653610705,0.0777324135694972
"724",9465,0.0113907330457087,0.0136306673164418,0.0043509866461177
"725",9480,0.00116669973776909,0.00124223567874258,0.00119331454114
"726",9483,0.0183921330816136,0.0173826780900156,0.0183921330816136
"727",9494,0.05826060514526,0.0646531052658777,0.05826060514526
"728",9501,0.012679422873408,0.0384388369152456,0.012679422873408
"729",9514,8.995372263211e-06,1.802799305143e-05,1.15360387005e-05
"730",9545,0.01168050684856,0.015485169745162,0.01168050684856
"731",9555,0.0002981628332832,0.000461320588699653,0.0002981628332832
"732",9556,0.000178996778856033,0.000335565446472784,0.0003439767060692
"733",9570,0.0319346501947936,0.0814298816601203,0.0319346501947936
"734",9582,0.0131933448371396,0.177276816323077,0.0324465518975454
"735",9590,0.00674033982073033,0.00778724725866403,0.00570245860433
"736",9598,0.0032411525308601,0.00394795855489687,0.0032411525308601
"737",9599,0.121934062440973,0.284093068003305,0.10123574192145
"738",9602,0.000423086900221701,0.00186383738400909,0.0003043021875216
"739",9635,0.00340692256014897,0.00263182063613155,0.002489479266434
"740",9647,0.000290558653668275,0.00143216175135106,0.0004664272951175
"741",9650,0.00190679781912937,0.00224216781848561,0.00183179595775
"742",9652,0.00072275418255387,0.000428331689445273,0.0003675230369953
"743",9653,0.000202587434953545,0.000266432881570478,0.0001497242607536
"744",9655,0.000123971671073968,0.000154290452460499,0.0001145193050175
"745",9667,4.0403277617126e-05,0.000265810910253218,3.13218002188e-05
"746",9679,0.000329037025453924,0.000332612069777953,0.000234466548495
"747",9715,0.0778955133413257,0.0883171997125781,0.0778955133413257
"748",9718,0.0102739210048033,0.00743831124922026,0.0105214669618804
"749",9719,0.127345662227908,0.120359856287971,0.0730927639439535
"750",9724,1.64737771035558,2.95910263590273,1.64366257215703
"751",9742,0.000172391209138,0.000180145626472929,0.000172391209138
"752",9771,0.000714366583721408,0.00718850000652207,0.0013028201391233
"753",9772,0.050922466276878,0.0153116168762933,0.0024693384313097
"754",9778,0.00114222342812435,0.00114833576350127,0.0017941755991248
"755",9812,7.116456e-10,2.7891587275686e-05,9.973989828e-07
"756",9815,2.31606393528e-05,2.7193116098385e-05,2.31606393528e-05
"757",9919,0.000429725261975859,0.00208680406571118,0.0004156655800744
"758",9922,0.00105846081862,0.0019031986974992,0.00105846081862
"759",9932,0.00831637347403411,0.167533769744275,0.0326696961625964
"760",9937,0.0300527334559845,0.0380334650773673,0.0238503909723056
"761",9939,0.0855585301511968,0.603686187064879,0.0524862901216212
"762",9942,0.00146831998066028,0.00767932680227233,0.0028779142672225
"763",9954,0.00830424897329061,0.0280346787592349,0.0097099479081975
"764",9969,0.0940253770084576,0.255725947247735,0.173160189514913
"765",9999,0.0637855296786573,0.0953842825165158,0.0591511452452244
"766",10004,0.00475821893134,0.00200821702843821,0.00475821893134
"767",10005,0.000261097611055577,0.00023684605507879,0.0002323122284897
"768",10010,0.0017187466246266,0.00473060047116774,0.0041752179792768
"769",10022,0.020031869332737,0.0442868357338994,0.0181355330433712
"770",10026,0.112449703365631,0.289342118055903,0.12321858750849
"771",10030,0.000119271511917081,0.000362891885152068,0.0002496173645372
"772",10056,0.0017882857331172,0.00124388807366371,0.0017882857331172
"773",10097,0.00567087911386086,0.0289484132961844,0.00752011666921
"774",10107,0.00762092152965922,0.617243906836555,0.0026464030410336
"775",10115,0.0246740164897851,0.0149088683995047,0.0100416543716225
"776",10124,5.7377777883389e-05,0.000137795947093875,4.80908338688e-05
"777",10127,0.00173229787612247,0.00267711376024909,0.0023738743980485
"778",10150,0.0008886061440017,0.000945428952785463,0.0008886061440017
"779",10159,0.0419602413896048,0.149054696555673,0.0310457265713233
"780",10163,0.0648027377714034,0.00611866343507646,0.0023321959701
"781",10185,0.000128160164269219,0.000390104793552973,0.00027698160293
"782",10195,0.0003118426262217,0.0022774007814278,0.0003118426262217
"783",10200,0.0128947803068996,0.153347964009219,0.0128947803068996
"784",10211,0.00779415717022011,0.0624246071606794,0.0085064964615592
"785",10213,0.0161474711996336,0.0194706231985136,0.0161474711996336
"786",10232,0.00553668176475,0.0139744601608298,0.00553668176475
"787",10236,4.173590142705e-05,0.000152711455857949,5.59322329332e-05
"788",10237,0.239871181529166,0.65574430505348,0.36621311538057
"789",10244,0.0261161858981152,0.0224209373154128,0.0176298922736087
"790",10252,0.0302403303284808,0.0323015283703294,0.037715998181656
"791",10284,0.00875145935429615,0.00152954444817632,0.0082000993322685
"792",10286,0.0018520217740372,0.00208454287539104,0.0018520217740372
"793",10301,0.00495706956258271,0.0139424514151209,0.0131697223898188
"794",10304,0.00379094142233641,0.0129242456795719,0.0056014345475001
"795",10312,0.000653271316259038,0.00104375496760944,0.0003616780338368
"796",10321,0.00797962360671686,0.160270800922179,0.0135384186489256
"797",10323,4.90515574996e-05,2.19726949673e-05,4.90515574996e-05
"798",10326,5.3145066487143e-05,3.0132936847519e-05,5.0061871722e-05
"799",10329,0.0123735546709008,0.0267628940656609,0.0197393008219932
"800",10359,0.0267135949440519,0.0109329805723183,0.009445775854096
"801",10364,0.119301986269942,1.04995738442677,0.119301986269942
"802",10379,0.00405828253045,0.0567179000355921,0.00405828253045
"803",10382,0.0016175820184348,0.0029631725558574,0.0016175820184348
"804",10386,0.000426935102433562,0.000496407673164674,0.0005653598877833
"805",10388,0.0404075945640605,0.0277179462615199,0.0404075945640605
"806",10391,0.0147025784170529,0.00767709356823778,0.0106515261962964
"807",10394,0.0179618399169473,0.0224055229903465,0.01486133716343
"808",10405,0.00348654366323948,0.00928763336518177,0.0028590304395297
"809",10418,0.01372902000542,0.0139446955242202,0.01372902000542
"810",10420,0.0517491777014693,0.0926676141993936,0.18264535712693
"811",10422,0.0054280392208028,0.00439135672379112,0.0054280392208028
"812",10431,0.0165481892797058,0.0393198815424974,0.01846411693263
"813",10441,0.00205026650950118,0.000934653226563649,0.00189620450479
"814",10449,0.00137162610165429,0.000247930083548947,0.0003434403778646
"815",10453,0.0274819067175165,0.0272493724323991,0.0289744219328097
"816",10482,0.00071374893018428,9.1352277376904e-05,2.72785919e-05
"817",10499,0.074705541652861,0.0972336671546202,0.0957151187349673
"818",10516,0.0015279439901454,0.0023993897563074,0.0015279439901454
"819",10519,0.000327341914392182,0.00680455616231439,0.00031535215001
"820",10526,2.2694387391697e-05,6.9406395266478e-05,2.76534011926e-05
"821",10530,0.0148015019513039,0.0152941960143603,0.0214978046175572
"822",10532,0.00127082988626804,0.00422870305063537,0.0033315828560664
"823",10534,0.00278803120502333,0.0364763402619316,0.0072448508421764
"824",10537,0.0168672360886432,0.046508584888118,0.0168672360886432
"825",10540,0.000815770959239405,0.0116102922318565,0.0137702454911137
"826",10541,0.00723477487100115,0.00664362735800724,0.0093659711803735
"827",10549,2.59587489708e-05,4.5619301657196e-05,2.59587489708e-05
"828",10553,0.0627451616932394,0.0486635806118322,0.0514363165424974
"829",10574,0.187432889364022,0.185619391991299,0.187432889364022
"830",10581,0.000946945942859329,0.00388287402617369,0.0004567944736388
"831",10583,0.0010096158453152,0.000715553562283372,0.0010096158453152
"832",10599,0.00223327400529077,0.0117798488303948,0.0029584697279412
"833",10618,7.8100299600694e-05,0.00182087133882291,0.00011636628438
"834",10622,0.000424402082598331,0.00486501625346202,0.0013001526384064
"835",10640,0.0016653202163156,0.00160027321874315,0.0015368369590792
"836",10656,0.00107816484674689,0.0020811327628223,0.0007938002452135
"837",10658,0.00931413940982624,0.026380026316609,0.0076753442795168
"838",10685,0.029409779905761,0.0139551445256083,0.04072653328744
"839",10692,0.000332747624052237,0.00366948278671958,0.001321639130694
"840",10717,0.00196950750566901,0.0063327281487939,0.0018737112032903
"841",10724,0.03645909545721,0.0337025804112098,0.0355379985777664
"842",10734,0.622536396782426,1.00078375895347,0.578684388314836
"843",10740,0.000372981853781591,0.00270913024787134,0.0010243866792853
"844",10741,0.000340815991550349,0.000122416739037666,0.0002967059505824
"845",10751,0.000212240214499797,0.000101755106474728,0.0003168890209856
"846",10777,0.00215741986081189,0.00166371967446112,0.0033731259665393
"847",10787,0.00367013868149294,0.00514721947796428,0.0037099549357944
"848",10816,0.0002494025425625,0.000288698139895092,0.0002494025425625
"849",10853,0.000248146250368518,0.000146978468618112,0.0004051289399455
"850",10855,0.000130403540676393,9.6696638738245e-05,3.55758723441e-05
"851",10857,0.000696973943692254,0.00516482187931053,0.0006465712133457
"852",10902,0.000340081814910843,0.00171207507769832,9.00265237100001e-05
"853",10906,0.0006175694178753,0.00115020055116365,0.0006175694178753
"854",10915,1.2534433566126e-05,3.8014422639065e-05,2.12507765e-05
"855",10970,4.22607425933e-07,3.367965381364e-05,1.2141411975e-05
"856",10972,0.00198696225867959,0.00201131673397164,0.0027439690391648
"857",10983,0.00247370293438115,0.0121529563527021,0.0031963496958033
"858",11001,0.011320161807918,0.0287598092675307,0.0153348554289625
"859",11003,7.2524e-10,1.0968203910262e-05,3.835683936e-07
"860",11012,0.00106898901622942,0.00360238110664628,0.0049527879064168
"861",11027,0.000392534453519334,0.00196116866801359,0.0004017880918256
"862",11030,0.00409899301257939,0.0195594139764568,0.0088630974176975
"863",11038,1.4869700924479e-05,4.4270024250667e-05,9.31451905e-06
"864",11040,0.00906195103025907,0.0701685162002238,0.026642759939376
"865",11051,0.00223922789140271,0.00944666363921046,0.0049734622331872
"866",11062,0.0234820278521447,0.122338928227616,0.0214318434437328
"867",11094,0.00308927276261616,0.00137570371613275,0.0001371391493033
"868",11096,0.000433832017312961,0.00279943069284897,0.0001946010014025
"869",11113,0.00540427473180691,0.0120569046891291,0.00333212008258
"870",11115,0.00180467224981863,0.0119389037317924,0.0020363958948568
"871",11135,0.213060798562582,0.11822218084877,0.105668056186725
"872",11139,0.0599962211892675,0.490449808348525,0.0765221004955565
"873",11161,0.0104192827937656,0.00701263788930908,0.0180879147123977
"874",11172,0.000214930162393711,0.000263807336684198,5.08674489245e-05
"875",11191,0.0038928737782977,0.0105252086849428,0.0038928737782977
"876",11213,0.00209481760975848,0.0014171974746742,0.0016478599770497
"877",11217,0.0233481920292697,0.0239889605665759,0.0062394190502736
"878",11228,0.00010640390451,9.0726514793937e-05,0.00010640390451
"879",11261,431.022686739487,0.00505082571194123,0.0045695888952956
"880",11278,0.0148908299847038,0.0153570606482115,0.0144243951027409
"881",11286,0.680254262694041,0.260967358718491,0.251048869366665
"882",11288,0.000596325175588712,0.00997018117950793,0.006821409137242
"883",11310,0.0017041675641964,0.0035016686292338,0.0017041675641964
"884",11312,0.0465405518320841,0.0381966660397491,0.0465405518320841
"885",11315,1.6348343990159e-05,0.000419703819561905,1.16489639372e-05
"886",11323,0.000260466614380661,0.000172714695180985,0.0001839838461248
"887",11361,0.00842170629519902,0.166082764442045,0.0048985887409617
"888",11376,0.00681944859953029,0.00916728820915344,0.00596702354854
"889",11399,0.0039240766122937,0.0328775357058417,0.0039240766122937
"890",11408,0.0039738514087916,0.00549533425626322,0.0039738514087916
"891",11436,0.000472719093275202,0.000518062278056942,0.0005693549597823
"892",11446,0.000119349904414553,0.000275057296468224,9.850196146e-05
"893",11456,7.6822265707257e-05,0.000212670547602091,0.0003497297026025
"894",11465,0.00053613521306371,0.000274282156828682,0.0005761224948993
"895",11509,0.12266940726719,0.120083595643655,0.12266940726719
"896",11523,0.0131731099011049,0.0891656066782772,0.01441603820067
"897",11537,0.0002322482118825,0.00053188653918927,0.0002322482118825
"898",11559,0.00137182136620215,0.00131628437474852,0.0014769590242124
"899",11573,0.00332143167979651,0.00314141031272291,0.0025546857479544
"900",11580,0.00359862278665842,0.00722957383891483,0.0033546554519497
"901",11636,0.0010818496706815,0.00995002135677155,0.0014229859833888
"902",11646,0.0726733653413454,22.9773210232886,0.285931748523279
"903",11678,0.00111799598359076,0.00208207609049406,0.0017947405535484
"904",11693,7.88814217221787,7.36507355783418,7.88814217221787
"905",11694,0.0227197252029806,0.0293302446445607,0.0227197252029806
"906",11699,0.150980178370745,0.154619376533551,0.150980178370745
"907",11700,0.759811124374282,0.823409790231233,0.759811124374282
"908",11721,0.0012009817774933,0.00147181494462346,0.0012009817774933
"909",11722,0.0018820655709481,0.00503262996163949,0.0018820655709481
"910",11748,0.000881735970166518,0.000593750319076642,0.0007149632675568
"911",11749,5.06419214708e-05,7.0513100599436e-05,5.06419214708e-05
"912",11768,26532.8633074476,0.00963741097065322,0.0187121372366365
"913",11784,8.3034709167e-06,1.7686348322748e-05,8.3034709167e-06
"914",11797,0.0009408024117,0.000851539903165584,0.0009408024117
"915",11803,0.00664823973357875,0.0119303706715708,0.0026403271997925
"916",11804,0.0075409648601952,0.0239897901960138,0.0075409648601952
"917",11805,0.00165843098741384,0.000810489029613141,0.001663866275824
"918",11811,0.0020556960217728,0.0010151558418507,0.0020556960217728
"919",11903,2.114310126721e-06,3.191488298523e-06,4.26969357e-06
"920",11907,0.905757867089789,0.900998473498481,0.905757867089789
"921",11914,0.0014889016999998,0.00327782955544152,0.0002780702826068
"922",11929,0.0977448689731092,0.0926195829578536,0.0857177126398364
"923",11930,0.000113047845229718,0.00149087692360195,0.00016050706639
"924",11934,0.00263808278774536,0.0157115602037123,0.0041884576003768
"925",11935,0.0855554336699364,0.0852821552671415,0.0855554336699364
"926",12051,0.000578291721104,0.00194601979919358,0.000578291721104
"927",12053,0.00995299082578556,0.00947718264604231,0.0122375851596532
"928",12091,0.304783021032825,1.88624193500082,0.904392999791413
"929",12136,0.0435731028713576,0.02915375341486,0.0119037743585268
"930",12141,0.0203116719853212,0.017469034049888,0.0203116719853212
"931",12142,0.00395603152316301,0.0422136134364228,0.0023369627682908
"932",12143,0.331421113035782,0.471641597728428,0.331421113035782
"933",12144,0.00630815755494734,0.0524256456851202,0.0098557906981532
"934",12180,117.089573076457,117.558938206437,113.79293941339
"935",12181,5.70826112121097,8.28285615023466,4.05567286548727
"936",12189,0.0576678639697972,0.0528235789807441,0.0576678639697972
"937",12206,0.0131232815345157,0.0148270458674472,0.0120593771026331
"938",12212,0.0250069639654123,0.0538740847255871,0.0452950803604268
"939",12215,0.0884220611588347,0.140627642688652,0.0776258372029748
"940",12216,0.0113007353177136,0.0397111816229683,0.0088117725355148
"941",12226,0.0256723748095326,0.037044551151311,0.0330455952284329
"942",12234,0.519942007649112,0.467238918635625,0.577427812226674
"943",12236,0.0026012294657649,0.0122160219418374,0.0026012294657649
"944",12256,0.207594111228489,0.194519237256239,0.207594111228489
"945",12262,9.52543385825e-05,9.98339909432229e-05,9.52543385825e-05
"946",12263,0.0673110865847767,0.0672515702845672,0.063099316251185
"947",12274,955.654957077954,210.189953958489,122.720596641165
"948",12348,0.111782670024238,0.160362086357756,0.111782670024238
"949",12368,0.000109489350954641,0.000725315956986378,0.0001185750461612
"950",12382,6.9627505146619e-05,0.000145368301466618,7.418867147e-05
"951",12383,0.000416168896496636,9.8114345708634e-05,0.0003989750967492
"952",12384,0.000187799924323681,0.000212278721787097,0.0001588759867175
"953",12385,0.000419515364886514,0.000440908072698695,0.000339453399857
"954",12389,0.0029136071492262,0.00179328733335008,0.0021749132049188
"955",12390,0.0585922048807336,0.0578776609958371,0.0585922048807336
"956",12396,0.0305275202976473,5.12080369976187,0.4107580185417
"957",12397,101.942341370534,35.2680002532256,25.8369588886549
"958",12433,0.0258187407672655,0.00756404382058826,0.0337448186289332
"959",12460,0.0014356368011006,0.00190973411731803,0.0014356368011006
"960",12472,0.00125475269009084,0.00628924340871928,0.0029077888465211
"961",12518,0.00236054589330285,0.00418724030171391,0.0043092297197596
"962",12519,0.00260139444618,0.00311321348042122,0.00260139444618
"963",12521,0.0478091352577456,0.0689277540453798,0.0478091352577456
"964",12540,0.0477427038679796,0.352388976486963,0.0153839899307748
"965",12560,0.507280758073813,0.52865209712766,0.507280758073813
"966",12570,0.0539321477494696,0.0135619880636273,0.008794693012694
"967",12580,0.289040846160047,0.180219465047885,0.2611434806905
"968",12581,0.00914530121024139,0.0100497630708434,0.0105104797112908
"969",12587,0.0474912189236842,0.015246716271862,0.047575466663669
"970",12592,0.000939688726093413,0.000669237988483611,0.0005800920252636
"971",12593,0.00455104581131,0.00640541979802943,0.00455104581131
"972",12621,0.0377654144055336,0.0371999822482317,0.0377654144055336
"973",12679,0.00505721500172516,0.0815469024794747,0.0030007091840251
"974",12691,0.152162643655189,0.0618228025814896,0.137561796263057
"975",12788,0.00584462257865553,0.0228819374426972,0.0199442557851491
"976",12789,0.00264506147880179,0.0551936001917404,0.0015127210328736
"977",12801,0.001793073164382,0.0019228254699442,0.001793073164382
"978",12826,0.0002033586844275,0.000197940399347074,0.0002033586844275
"979",12850,0.101607534001891,0.0717382438788586,0.06190056382689
"980",12877,0.00141228299900879,0.0864295603750455,0.0003239547312011
"981",12898,0.006304633923045,0.00722445026583131,0.006304633923045
"982",12913,0.358053221414175,0.963398880286809,0.480714282436254
"983",12915,5.06703393569752,18.4599615744751,4.77991377201248
"984",12944,0.00146981324224567,0.00199853644039678,0.001950519508216
"985",12947,0.0116175998292792,0.0441557583802816,0.0107815302225872
"986",12992,0.019963182436275,0.0213522004730177,0.0192197027848536
"987",13003,0.0017669165121288,0.00121864669844773,0.0017669165121288
"988",13011,0.0954234159807731,0.0445668907961081,0.0725142065089796
"989",13135,3.8367511345207e-05,0.000114542074886743,2.3279844513e-05
"990",13169,0.004721080829868,0.00835054190611693,0.004721080829868
"991",13176,0.00913033814963098,0.0250271159661714,0.0070644864744588
"992",13197,0.000530836152271467,0.0067274124522998,0.00182764935423
"993",13198,0.0031710724350952,0.00413021724153091,0.0031710724350952
"994",13200,0.00115926621091069,0.0110696287437353,0.0025894326016059
"995",13219,6.8118689974834e-05,8.3946305852077e-05,2.82531613312e-05
"996",13235,0.0930180106388115,0.107727722928872,0.11232804395741
"997",13286,0.0139170950027175,0.011033518207135,0.0139170950027175
"998",13288,0.015672803553898,0.014703330655717,0.015672803553898
"999",13328,0.00126230119736336,0.00160214506769601,0.002696270584296
"1000",13329,0.004249654601725,0.00820795786701982,0.004249654601725
"1001",13332,0.0192874021859386,0.073934447919932,0.00792355632812989
"1002",13365,0.0212968929038131,0.0265115640969199,0.0212968929038131
"1003",13369,0.0441707741287848,0.0865989911528196,0.0416355881301651
"1004",13370,0.11854029865512,1.25464145249935,0.11854029865512
"1005",13406,0.00038600168209,0.000592705544026221,0.00038600168209
"1006",13409,0.0224402360336404,0.0354426861508749,0.0224402360336404
"1007",13411,0.00274392062164986,0.00905329418858796,0.0023262353877996
"1008",13412,0.0268819278801294,0.287645151993176,0.0247103587106526
"1009",13421,0.0765938839474821,0.113591699800483,0.0637325491073364
"1010",13436,0.0020035199346885,0.000560304284637523,0.0020035199346885
"1011",13442,0.00134454016106981,0.0445712660835384,0.0013597320208245
"1012",13443,0.00710534239018,0.0115322535837579,0.00710534239018
"1013",13467,0.016120855535187,0.0357095914218142,0.0342710984523792
"1014",13480,0.183658890541865,0.195048221037812,0.183658890541865
"1015",13483,2.65146965194547,5.65145554449088,2.65146965194547
"1016",13525,0.0700390810720645,0.0567901057228392,0.044747679266889
"1017",13556,0.0041535880989303,0.00399312357018038,0.0041535880989303
"1018",13570,4.068684241e-05,8.7763326697782e-05,4.068684241e-05
"1019",13619,0.656930434406173,20.9012432028176,0.914223973667784
"1020",13623,0.0463722053727679,0.0509532958192492,0.0466535079273864
"1021",13633,0.00274659385793829,0.00275377650715049,0.0033356679941731
"1022",13699,0.0012671437159805,0.0025603445540456,0.0012671437159805
"1023",13700,7.8293989339705e-05,0.0010402738699802,0.002239780222324
"1024",13733,0.000957961436247966,0.131381125940111,0.0129497562935783
"1025",13782,0.0004340892013503,0.000440285022081303,0.0004340892013503
"1026",13786,19.1221683808497,16.5747982755453,5.80022378526671
"1027",13794,887.975238903643,0.0933800173635029,0.08283910025415
"1028",13824,0.0234085050333513,0.223986918668383,0.0248124538168356
"1029",13839,0.00346410656661,0.00385759968704799,0.00346410656661
"1030",13840,0.0323358189488965,0.0359704133015086,0.0323358189488965
"1031",13864,0.001551544413945,0.00295417207400201,0.001551544413945
"1032",13902,0.005185563899052,0.00135575695690519,0.005185563899052
"1033",13906,0.0002330251088296,0.000302278977823807,0.0002330251088296
"1034",13940,0.246632046126681,0.264798692807726,0.246632046126681
"1035",13941,0.00028601462121111,0.0669658990884414,0.0046187348025085
"1036",13954,0.001749819737109,0.00202172221265969,0.001749819737109
"1037",13976,0.0012708396304989,0.0312107770300049,0.008791088595295
"1038",13995,0.00615293806826,0.00918238309655639,0.00615293806826
"1039",14036,0.000179026791881619,0.000155735327126931,0.000204239688268
"1040",14064,0.00022823694425996,0.000221876162007696,0.000559599316849
"1041",14078,0.0001359146467116,0.000350518248324822,0.0001359146467116
"1042",14084,4.3649410230394e-05,0.000131527655352999,3.56639112011e-05
"1043",14100,0.000548383926111508,0.32902757423425,0.0369848654048975
"1044",14102,0.0007398355421215,0.00211686501982864,0.0007398355421215
"1045",14108,0.111023315209178,0.129741991201169,0.111023315209178
"1046",14113,0.195063862927454,0.199622978521741,0.195063862927454
"1047",14142,0.000371105653035454,0.000426517954633088,0.0001239008169456
"1048",14169,0.0042204068818878,0.00432760729880251,0.003559684604516
"1049",14170,0.0175526061001019,0.010357958696476,0.020436112542093
"1050",14242,4.1436025177842e-05,9.1687780746721e-05,4.80662693988e-05
"1051",14252,0.0142499121083241,0.0504497884294049,0.0199724970028584
"1052",14256,0.0486179203246457,0.0596470792369865,0.052777883547786
"1053",14285,0.00869288522907236,0.142391739822601,0.00091776483435
"1054",14311,0.000394074385109318,0.00204054711273472,0.002567228795018
"1055",14324,0.0345983806616879,0.206659341433152,0.0362150973522944
"1056",14382,0.000225517682414113,0.00100423593265902,0.0008422584106024
"1057",14385,0.0155864472853189,0.00502824949700896,0.000972225119265
"1058",14386,1.68538508197047,1.68217042699604,1.68538508197047
"1059",14396,0.00079746040331858,0.00487400422810203,0.00163704667693
"1060",14417,0.002131390458121,0.00960666569734517,0.002131390458121
"1061",14446,0.00543973516953679,0.0147410084185196,0.0012740737158128
"1062",14462,0.000912719009786,0.000655348671369154,0.000912719009786
"1063",14470,0.000635279461257053,0.00043230931026251,0.000582338002637
"1064",14487,0.00370257188755269,0.354954623942423,0.0122204873962881
"1065",14489,0.000161120821821356,0.000911862854837138,0.0010186435531241
"1066",14506,0.000866384534492671,0.00350367616402839,0.0032836062668504
"1067",14512,0.0121409934720314,0.0373239716164565,0.0211701687921196
"1068",14537,0.037493024984748,0.066072797728796,0.037493024984748
"1069",14538,0.0536923817048613,0.055564256061977,0.0564316164881291
"1070",14549,0.000971399465455133,0.00186338052688472,0.00131093529213
"1071",14561,0.000769278154443082,0.0108077548671069,0.000766273146545
"1072",14565,0.00260123514034182,0.0018748784576201,0.0013310079460616
"1073",14597,13.0572808642747,9.40675931244671,13.0572808642747
"1074",14623,0.131531712016885,0.152411655632634,0.100288777314498
"1075",14626,0.0630375181698,0.112660897449983,0.0630375181698
"1076",14650,0.121597036050693,0.161673952835547,0.121597036050693
"1077",14863,1.32691208476e-05,2.8704870409144e-05,1.32691208476e-05
"1078",14883,0.00273940571517987,0.000950736587522247,0.0003858670285832
"1079",14894,0.0019242746284249,0.00291092372343214,0.0019242746284249
"1080",14897,0.0420426525612145,0.214429606084004,0.12242490662622
"1081",14898,0.00286519927766246,0.752494904194513,0.0884423347054624
"1082",14913,2.95471960081661,2.44791207187436,2.32593686873863
"1083",14918,0.090241848379587,7.7033120413664,1.92280729238676
"1084",14924,0.0005301596055225,0.000582663756442769,0.0005301596055225
"1085",14938,0.147578501700864,0.157100331787232,0.137320286376105
"1086",14954,0.000258878094094395,0.000421419936728091,0.0003230099235625
"1087",15005,0.0116203661205954,0.0866898482085552,0.0130900245590908
"1088",15018,0.0242898145115204,0.0739700041203478,0.0321944537390454
"1089",15045,0.000575778636777585,0.000570020642159897,0.0006547763641729
"1090",15046,0.0001678695356928,9.4600135261718e-05,0.0001678695356928
"1091",15103,5.506017702366e-05,6.034194250154e-05,5.9438780828e-05
"1092",15133,3.3151670982555e-05,3.1516591255668e-05,3.14023609724e-05
"1093",15160,0.0239914179208895,0.0420691598975851,0.0190046792319727
"1094",15172,0.000745796321454314,0.00218190864093722,0.0007716072849668
"1095",15293,0.0803588701023761,0.0682299800243458,0.0803588701023761
"1096",15331,0.00538922307251795,0.0140629621855538,0.0055141470273609
"1097",15334,0.000434249626344473,0.00111993618160542,0.0018437242893773
"1098",15347,0.193695288277352,3.22331623934597,0.742627801406888
"1099",15354,0.0319098536981864,0.0883429119332952,0.0319098536981864
"1100",15414,0.0183925309001908,0.0175662999694073,0.0070580180832528
"1101",15459,0.00097834933009788,0.00256147807675731,0.0017673254904809
"1102",15474,5.1665722011843e-05,0.0052833143696391,0.0020996068227352
"1103",15708,0.167462276661614,0.23497644391497,0.185642702794218
"1104",15711,3.375505283643e-06,0.000108844923770921,6.43508771404e-05
"1105",15752,0.0380351691763552,0.0803811147359104,0.0380351691763552
"1106",16188,0.0105389889586752,0.016054161629709,0.0105389889586752
"1107",16401,0.106912250954015,0.128188437824578,0.116547466591509
"1108",16405,0.0034399343279064,0.00573471106963013,0.0034399343279064
"1109",16453,0.015632283286995,0.0233006213502886,0.02290589564161
"1110",16477,3.7487639449832e-05,0.000289123940919804,0.0001274615715552
"1111",16488,0.0647836832337885,0.0581277467293702,0.0647836832337885
"1112",16597,0.560925466544242,0.57631397606743,0.521818481229217
"1113",16603,8.82742297968e-05,8.4957076417577e-05,8.82742297968e-05
"1114",16620,0.00160143969919756,0.218191194087698,0.0023004138534614
"1115",16650,0.0003915419200368,0.000958039991303462,0.0003915419200368
"1116",16710,150.39996726146,0.047245738580243,0.03909109649347
"1117",16721,0.0147863102979173,0.0616857013241681,0.0486636315511375
"1118",16729,0.0173046598655775,0.0205155344955346,0.0173046598655775
"1119",17110,1.7316854514316e-05,0.000140742509211366,2.64398778368e-05
"1120",17196,0.00562592767397293,0.027497345387437,0.0109374030122932
"1121",17202,9.16038885716e-05,6.1271485292475e-05,9.16038885716e-05
"1122",17225,0.000766777092226035,0.000510531371451296,0.0007726816874654
"1123",17535,0.000478497519086,0.00037943222379577,0.000478497519086
"1124",17828,0.0030808578892849,0.00486132748113471,0.0030808578892849
"1125",18100,0.0052962796203252,0.00786068168921304,0.0052962796203252
"1126",18549,0.0292135601328,0.0303441349844539,0.0292135601328
"1127",18699,0.0406039983282854,0.050518188022061,0.0236237183487072
"1128",18729,2.1529064379338e-05,4.1991386665507e-05,2.33474835375e-05
"1129",19069,41.4005433486938,53.169439371688,41.4005433486938
"1130",19209,0.020931788105927,0.0155963000685542,0.01627347767951
"1131",19565,0.000740426642978811,0.00313248051886769,0.0008545822481668
"1132",19731,0.0469304726589128,0.651071226530875,0.0469304726589128
"1133",19818,1.60190565710365,1.8751251988827,1.60190565710365
"1134",19911,0.0093711947973892,0.00601063240851762,0.0093711947973892
"1135",20045,0.0001700302118045,0.000121027682854248,0.0001700302118045
"1136",20185,1.24741318132e-05,0.000410250614284112,1.24741318132e-05
"1137",20194,0.0121456695633834,0.00493300424653257,0.0018342945940885
"1138",20245,1251.71768077425,1736.29401265699,1251.71768077425
"1139",20296,0.029259995514812,0.27725843118705,0.064863819566994
"1140",20494,0.0247116937190705,3.3502699072968,0.0519293206703975
"1141",20734,0.203740589471646,0.346973746122623,0.141150541127358
"1142",20779,0.00498206516782581,0.0755075788030131,0.0416896463631372
"1143",20860,8.7649911934586e-05,0.00207846780349325,0.00047429022086
"1144",20904,0.0290009916372956,0.011265796998438,0.02164032497112
"1145",20993,0.000380134473515746,0.00561021927562806,0.0049259895574246
"1146",21144,0.0016776168787666,0.052069836337485,0.001311276590692
"1147",21151,0.00822819905608093,0.00565540756554669,0.0044602476730088
"1148",21186,0.119378037727216,0.268189336846528,0.119378037727216
"1149",21232,0.023318194769336,0.0752629316507377,0.0440496537644132
"1150",21238,0.0218687111704002,0.00391017915601926,0.0258525475148528
"1151",21435,1.81181327005e-05,0.00083807333896371,1.81181327005e-05
"1152",21488,0.311789105561273,0.150202461906985,0.283906373045405
"1153",21496,0.0103759929406784,0.0244515713118731,0.0147855729580888
"1154",21508,0.0166459914062294,0.0165730210411802,0.0166459914062294
"1155",21573,0.0355021395714365,0.0439930944283756,0.0355021395714365
"1156",21777,0.00217834834393969,0.0024349021554215,0.0026290062152887
"1157",21792,0.0560232287061544,0.0455270293223414,0.0470110748111688
"1158",22144,0.00183055025415774,0.00326804479891705,0.0020845216006369
"1159",22325,0.0233339929013361,0.0229638318205176,0.0217904027037728
"1160",22461,0.000114083184553148,0.000502581276038408,0.0002313312128172
"1161",22794,2.5330895849434e-05,8.1162095174089e-05,0.00015837377914
"1162",22815,0.0128125766373384,0.0262487289715488,0.0279577090765648
"1163",22817,0.0828249486521372,0.158610791394324,0.0828249486521372
"1164",22839,6.9416131065723e-05,0.000636419712318844,4.46874580152e-05
"1165",23034,0.00303563605770734,0.025040811824865,0.0136764317909414
"1166",23080,3.4208475676618e-05,0.00124295112321081,5.25887024725e-05
"1167",23088,0.000602925314656177,0.00170257651920309,0.0005364248336268
"1168",23170,0.202578371707252,0.408742439972874,0.198969079794048
"1169",23197,0.0415514607805214,0.0378906153941515,0.0425211782280048
"1170",23224,0.00081003604854,0.00146742639925933,0.00081003604854
"1171",23605,426.464904545789,418.131153547082,426.464904545789
"1172",23616,0.0864259971016452,0.531357920312591,0.138254954427838
"1173",23767,0.0174521651638214,0.026653611295516,0.0174521651638214
"1174",23810,0.04317824231186,0.0551085396146795,0.04317824231186
"1175",23812,21.5296626549183,29.24495274271,21.5296626549183
"1176",23943,0.668823564635677,0.803672768550066,0.668823564635677
"1177",23945,15.3370439001022,19.0071798581934,15.3370439001022
"1178",24008,1.53537859301378,3.59618698119706,2.34054606738291
"1179",24021,0.00629559190088515,0.00656452257469965,0.0058689786507284
"1180",24029,0.00207346952187217,0.0417404195082689,0.000281840107894
"1181",24040,4.45442106330118,7.87402393169604,4.45442106330118
"1182",24105,0.000145122073165927,0.000158537514467263,4.79298276e-05
"1183",24179,29.0822965446871,30.4950364730295,29.0822965446871
"1184",24185,0.0049759902218175,0.00840118310669124,0.0049759902218175
"1185",24190,0.0044278892196524,0.019667318124616,0.0044278892196524
"1186",24197,0.0042344019536608,0.00810281690949441,0.0042344019536608
"1187",24198,0.00446170719430827,0.0421085389645958,0.0319757040388488
"1188",24204,0.0030351823218605,0.0051789356733379,0.0030351823218605
"1189",24224,0.0178359277604841,0.164341489566798,0.103538482775213
"1190",24293,0.000174771886016083,0.000217764873042119,0.0001868409308406
"1191",24344,9.9817997610751,19.0509334799348,9.9817997610751
"1192",24352,0.00320483280698,0.00431878033162852,0.00320483280698
"1193",24363,0.0003071192759256,0.000395755995278742,0.0003071192759256
"1194",24370,7.5803053562437e-05,0.000144150472230186,0.0001497694839428
"1195",24378,0.0626342876693132,0.144184607307247,0.0626342876693132
"1196",24402,0.0013857745732294,0.00143671242811477,0.0013857745732294
"1197",24405,0.0003655040536223,0.000273905338057907,0.0003655040536223
"1198",24409,0.0022660117289023,0.00478120455817979,0.0022660117289023
"1199",24449,0.0146072743715996,0.10208278705223,0.0227740788205476
"1200",24468,7.9993687696055,11.4904049348594,7.9993687696055
"1201",24473,9957.86062126681,64.1480646053336,12.8296703113138
"1202",24475,0.296897557513528,2.80395527084793,1.03685555886267
"1203",24489,0.371089244671924,0.566327211553868,0.483651719659765
"1204",24610,0.0076911090920903,0.0517418853632166,0.0076911090920903
"1205",24625,2.38121986975e-05,3.2419449156667e-05,2.38121986975e-05
"1206",24710,0.17949304391494,0.308736044911653,0.197292462987285
"1207",24720,1.5065926543e-06,1.1816795894115e-05,1.5065926543e-06
"1208",24728,10.3159791819446,10.515677963143,10.3159791819446
"1209",24782,0.146414567231817,0.164717353484143,0.163165520715981
"1210",24795,3.76653974346267,4.39242401345528,3.76653974346267
"1211",24800,0.0081131220490518,0.0235425505132591,0.0037201776879124
"1212",24803,1.13916818077341,1.0414973173764,1.08345981018404
"1213",24837,0.0005039816865,0.000503422062823758,0.0005039816865
"1214",24842,218.018504333346,3.53262184586919,2.95585442889983
"1215",24853,0.415778405022162,3.18592338830874,1.21701753740689
"1216",24856,15.9795250417833,80.5307708937939,36.1173904195436
"1217",24878,2.23673147800341,4.61900949230794,2.23673147800341
"1218",24890,0.000462592465796695,0.111880215057174,0.018412034194235
"1219",24912,0.00517138092956957,0.00610154946633241,0.0051826992621263
"1220",24922,7186387.73054571,0.103275534172133,0.0412722732377966
"1221",24925,0.000441308255954087,0.00366789018513936,0.000603684846475
"1222",24975,0.02770575525258,0.0625705977124622,0.0374754150168454
"1223",24978,0.000971598204840231,0.00135738467756208,0.0004517199981096
"1224",25013,0.145551778503513,0.814165457947647,0.145551778503513
"1225",25056,0.0295437507144534,0.0524025351170833,0.0295437507144534
"1226",25110,0.0009260900230054,0.0013742536109537,0.0009260900230054
"1227",25124,0.000187147325200247,0.000498453503355627,0.000201228683295
"1228",25166,0.0938261018298742,0.0341456824978179,0.122814870486114
"1229",25180,0.00012638140436147,0.000154423849936607,0.0001091421408294
"1230",25241,0.12070805716667,0.0926299957751714,0.12070805716667
"1231",25268,0.0199243901524043,0.0358171696890893,0.013611135335655
"1232",25279,0.312123039591933,0.180751173603548,0.312123039591933
"1233",25302,9229.01860766206,0.656056742246142,1.05467898987714
"1234",25313,0.000157762521725098,0.0248521040225138,0.006870307045148
"1235",25320,0.0013150723468936,0.00280331275304371,0.0013150723468936
"1236",25341,0.0036848599714934,0.0039708488118761,0.0036848599714934
"1237",25355,0.000238650262785908,0.00152119369424997,0.0004699192421236
"1238",25367,0.00193648626837088,0.0231422546255756,0.0072457060159144
"1239",25430,2.2402457186901,2.09027326503838,2.2402457186901
"1240",25433,0.0505607710629805,10.2798644279742,1.39009654473541
"1241",25554,0.008444597996295,0.0175076236163358,0.008444597996295
"1242",25579,0.0008191637772686,0.00424414492212361,0.0008191637772686
"1243",25621,0.0897241082553703,0.258530220537381,0.130030464039498
"1244",25623,0.000604863671463289,0.00182895588365385,0.001072653280782
"1245",25747,8.1291217108082e-05,7.4262237849365e-05,8.7621293696e-05
"1246",25773,0.00595923284553675,0.00996792076640053,0.0079216172047685
"1247",25774,0.155822082236953,0.0408423618677189,0.117987644492681
"1248",25783,0.0026484043258686,0.0213574797605529,0.0026484043258686
"1249",25807,0.000330349090253429,0.000590917797919291,0.0003365452600796
"1250",25848,0.00487881912253503,0.00297785173113075,0.0036563249734365
"1251",25859,0.125569745336572,0.556946252253053,0.125569745336572
"1252",25870,0.00026068694998,0.000349183252910433,0.00026068694998
"1253",25922,0.00060075828895798,0.000387975445217484,0.0001985578135774
"1254",25929,0.0196126706084944,0.0351302592893868,0.0196126706084944
"1255",25937,2.31000302046188,14.7951561633572,3.9631008777986
"1256",25978,0.02695006132902,0.0370708544138818,0.02695006132902
"1257",26015,0.137337982892301,0.284442927994014,0.156755801207328
"1258",26019,8.1855459685e-06,1.0928975040618e-05,8.1855459685e-06
"1259",26045,0.16100995438478,0.173365971604019,0.16100995438478
"1260",26246,0.08268343450615,0.290594996674102,0.08268343450615
"1261",26523,0.0024063970613325,0.00587669468453903,0.0024063970613325
"1262",27747,5245.65774686422,5276.98979405539,5245.65774686422
"1263",27784,0.0211885614885061,0.0909563722878924,0.035696611845166
"1264",27794,0.0214315292204781,0.00973561423829699,0.0163300791084205
"1265",27823,0.001656882040386,0.000638027226840305,0.001656882040386
"1266",27828,0.0110752183126978,0.002047433015886,0.003001174178078
"1267",27845,0.0481997151539965,0.0233700616022289,0.0481997151539965
"1268",27906,1.60896797276e-05,3.1573631191715e-05,1.60896797276e-05
"1269",27913,0.101106258431876,0.231281410907171,0.105135007623196
"1270",27920,7.01787220037494,7.93510690406552,7.02733035676605
"1271",27925,0.00435744366240905,0.0119239431498409,0.003094145665566
"1272",27960,3.474541533512e-06,2.6374954621388e-05,5.4271143445e-06
"1273",27965,0.0037321665533725,0.00215291004668577,0.0037321665533725
"1274",27997,1.05346807221359,0.0225295775332864,0.002599664230918
"1275",28004,1.0477998003242e-05,0.000127125045269492,0.000139624145936
"1276",28016,0.0172502824621524,0.079113372633347,0.0192605940150605
"1277",28156,0.00136655054909198,0.0016992154458978,0.0037313306174685
"1278",28176,8.16132218183401e-06,0.000128044290691197,7.8929321965e-06
"1279",28194,3.919804830917e-05,0.000288749586676195,0.0001477528073565
"1280",28195,7.230533908e-06,4.2767023205967e-05,7.230533908e-06
"1281",28236,0.020060178979816,0.0231970022358012,0.020060178979816
"1282",28272,0.00129152359009882,0.0192865366189057,0.0065692227757925
"1283",28295,7.8392894229715e-05,1.1224665405481e-05,9.01588639485e-05
"1284",28316,0.384522989571052,0.409344194196857,0.384522989571052
"1285",28374,0.00244394018169844,0.0026664171315911,0.0027002114468685
"1286",28380,0.0101686693195644,0.0104731856471388,0.0101686693195644
"1287",28383,0.0814887417814885,0.261202250121783,0.0814887417814885
"1288",28384,0.0017320296842204,0.0101230715072545,0.0017320296842204
"1289",28385,0.000525709924878001,0.0077954412422041,0.000525709924878001
"1290",28477,0.0362868850791965,0.0847527495183874,0.0362868850791965
"1291",28524,0.0152546369881569,0.0171183674374446,0.016012885529032
"1292",28563,49.680251581417,45.202565418925,47.2177577415924
"1293",28641,0.00141758438926917,0.00121620891483824,0.0013072760720885
"1294",28678,0.024064229568686,0.038198797700599,0.024064229568686
"1295",28701,0.000115653002098706,0.00023240053231257,0.0003199896465091
"1296",28712,0.0118413592194965,0.0246976277588899,0.0118413592194965
"1297",28742,0.000795317751701619,0.00057206204534684,0.0001260984904125
"1298",28881,0.09366435206498,0.110194813715456,0.09366435206498
"1299",28938,0.0210055921121765,0.0389765715492859,0.0210055921121765
"1300",28940,2.8013249378209e-05,0.000131896070474402,5.788116615e-05
"1301",29001,3.688436142e-05,6.8325906139146e-05,3.688436142e-05
"1302",29015,0.000200142093602,0.000134201240458956,0.000200142093602
"1303",29040,0.370165765682213,2.10250951082273,0.370165765682213
"1304",29085,0.16764258432983,0.172684149449582,0.16764258432983
"1305",29250,0.0240457923035382,0.0136938702386429,0.022200815964302
"1306",29274,0.01028043795351,0.0187456643189953,0.01028043795351
"1307",29278,9.57301503937409,2.80653296381545,9.363608455105
"1308",29386,0.01187636408505,0.0385185334839289,0.01187636408505
"1309",29392,0.000447040031795721,0.00129198773998427,0.000812076111926
"1310",29751,0.000942639387902,0.00170704172194788,0.000942639387902
"1311",30030,0.250185178447608,0.509122696641379,0.20391792308064
"1312",30477,9.8092423066189e-05,0.000136298582106475,8.34320958172e-05
"1313",30554,0.00317427099963893,0.0326002742616553,0.0174495639403672
"1314",100243,4.1375639052555e-05,3.7760657448325e-05,2.69431816447e-05
"1315",101317,0.0005331660799302,0.00288305863305062,0.0020631862700392
"1316",101352,0.0064108448666052,0.0234973813635853,0.0176794966159103
"1317",104598,0.0002678546823125,0.000582798571511916,0.0002678546823125
"1318",119053,0.0541273385686306,0.186067757472472,0.039962730181248
