,industryName,logLik,numParams,AICc,States,SEs,converge,fake Ses,realSEs and converge?,,,
1,800,221.5231627,4,-434.344571,"0.0063142243019202, 0.00631580489968074, 0.00631738549744127, 0.00631896609520181, 0.00632054669296234, 0.0064466401786118, 0.00657273366426126, 0.00669882714991071, 0.00682191783677306, 0.00691696647139086, 0.00716993891213815, 0.00767471669162353, 0.00859936287009492, 0.00970039383033768, 0.0109774659698513, 0.012114553908669, 0.0118768823769541, 0.0111637916896507, 0.0107330684336727, 0.0110877073385812, 0.0119133713110202, 0.0117514244922091, 0.0110167666921441, 0.00991320176130425, 0.00843659122193339, 0.00610307534161267, 0.0050846288437159","0.00169815178638069, 0.00223885790892985, 0.00252711213450639, 0.00264672486321549, 0.00262088821203014, 0.00267237423087452, 0.00258267192289078, 0.00233556967660933, 0.00207852496619695, 0.00188709963720768, 0.00180420504361176, 0.00175305651318688, 0.00167917038013509, 0.00165688708876395, 0.00165574093550114, 0.00167411777696481, 0.00173733723404661, 0.00176016389240629, 0.00176862743333749, 0.00177202139469252, 0.00177402127832419, 0.0017767794201512, 0.00178324807182312, 0.00180027899440325, 0.00184544737140821, 0.00196242006427164, 0.00224862164449531",0,0,1,,200,#N/A
2,1040,NA,NA,NA,NA,NA,NA,0,0,,800,800
3,1090,NA,NA,NA,NA,NA,NA,0,0,,900,#N/A
4,1220,162.1365497,4,-315.5183823,"0.0169193850686583, 0.0169193850686583, 0.0169193850686583, 0.0169193850686583, 0.0169193850686583, 0.0169193850686583, 0.0169193850686583, 0.0169193850686583, 0.0169193850686583, 0.0169193850686583, 0.0169193850686583, 0.0169193850686583, 0.0169193850686583, 0.0169193850686583, 0.0169193850686583, 0.0169193850686583, 0.0169193850686583, 0.0169193850686583, 0.0169193850686583, 0.0169193850686583, 0.0169193850686583, 0.0169193850686583, 0.0169193850686583, 0.0169193850686583, 0.0169193850686583, 0.0169193850686583, 0.0169193850686583","0, 0, 0, 0, 0, 0, 0, 0, 0, 0, 0, 0, 0, 0, 0, 0, 0, 0, 0, 0, 0, 0, 0, 0, 0, 0, 0",0,1,0,,1040,1040
5,1381,205.0012379,4,-401.3245097,"0.00997022344377973, 0.00997022344377973, 0.00997022344377973, 0.00997022344377973, 0.00997022344377973, 0.00997022344377973, 0.00997022344377973, 0.00997022344377973, 0.00997022344377973, 0.00997022344377973, 0.00997022344377973, 0.00997022344377973, 0.00997022344377973, 0.00997022344377973, 0.00997022344377973, 0.00997022344377973, 0.00997022344377973, 0.00997022344377973, 0.00997022344377973, 0.00997022344377973, 0.00997022344377973, 0.00997022344377973, 0.00997022344377973, 0.00997022344377973, 0.00997022344377973, 0.00997022344377973","0, 0, 0, 0, 0, 0, 0, 0, 0, 0, 0, 0, 0, 0, 0, 0, 0, 0, 0, 0, 0, 0, 0, 0, 0, 0",0,1,0,,1044,#N/A
6,1382,NA,NA,NA,NA,NA,NA,0,0,,1090,1090
7,1389,NA,NA,NA,NA,NA,NA,0,0,,1220,1220
8,1400,98.10858987,4,-186.4780493,"0.0102927323393651, 0.013170647142117, 0.0079385322316274, 0.00890608160875265, 0.0099450576306981, 0.0224213105959667, 0.0379124845073887, 0.0245820113147052, 0.02825204066623, 0.0260821488416097, 0.0133567000810544, 0.00753542090457236, 0.00767029391312749, 0.00647906154763326, 0.00605094456842671, 0.00479325218287053, 0.00405033133954457, 0.00450832057970661, 0.00400257697574496, 0.00468985174074105","0.00295168711172873, 0.00298981095346663, 0.00299079564309278, 0.00299082123943953, 0.00299082190490875, 0.00299082192220515, 0.00299082192246464, 0.00299082191515605, 0.00299082163359298, 0.00299081080367939, 0.0029903942182794, 0.00297432663235837, 0.00227163708791181, 0.00226444821668466, 0.00226438452118625, 0.0022643839583661, 0.00226438402644454, 0.0022643922856998, 0.00226532575440884, 0.0023684783408661",0,0,1,,1381,1381
9,1540,107.8980345,4,-206.4167586,"0.0638932193175419, 0.0589662277140753, 0.0540392361106087, 0.0491122445071421, 0.0441852529036755, 0.0389155269406572, 0.0353916343447093, 0.0358727901722083, 0.0372501651975203, 0.0381968190714645, 0.0350210635330682, 0.0282660067402936, 0.0262549993535374, 0.026286272625047, 0.0267960346048772, 0.0275468189550731, 0.0271736745075532, 0.0250694950646342, 0.0247386904054695, 0.0253893709260169, 0.0240586268712365, 0.0226729023208677, 0.0213814910547404","0.00405154240928455, 0.00565834851969941, 0.00620253168453543, 0.00598151066839102, 0.00489265977824062, 0.00454187189125369, 0.00443071247468727, 0.0043671310638383, 0.00423076468210252, 0.00372970802931759, 0.00363874171914511, 0.00362323095980679, 0.00362061791103924, 0.0036201786747806, 0.00362010523868452, 0.00362009516809492, 0.00362010698551616, 0.00362018936299384, 0.00362068155466748, 0.0036236094034658, 0.00364098355695765, 0.00374270455677916, 0.00429852017942917",0,0,1,,1382,1382
10,1731,NA,NA,NA,NA,NA,NA,0,0,,1389,1389
11,2030,85.76826003,4,-162.3936629,"0.0333114472415374, 0.0333114472415374, 0.0333114472415374, 0.0333114472415374, 0.0333114472415374, 0.0333114472415374, 0.0333114472415374, 0.0333114472415374, 0.0333114472415374, 0.0333114472415374, 0.0333114472415374, 0.0333114472415374, 0.0333114472415374, 0.0333114472415374, 0.0333114472415374, 0.0333114472415374, 0.0333114472415374, 0.0333114472415374, 0.0333114472415374, 0.0333114472415374, 0.0333114472415374, 0.0333114472415374, 0.0333114472415374, 0.0333114472415374, 0.0333114472415374, 0.0333114472415374, 0.0333114472415374","0, 0, 0, 0, 0, 0, 0, 0, 0, 0, 0, 0, 0, 0, 0, 0, 0, 0, 0, 0, 0, 0, 0, 0, 0, 0, 0",0,1,0,,1400,1400
12,2033,NA,NA,NA,NA,NA,NA,0,0,,1520,#N/A
13,2052,NA,NA,NA,NA,NA,NA,0,0,,1531,#N/A
14,2060,181.9942317,4,-355.0360825,"0.00817221568075338, 0.00817221568075338, 0.00817221568075338, 0.00817221568075338, 0.00817221568075338, 0.00817221568075338, 0.00817221568075338, 0.00817221568075338, 0.00817221568075338, 0.00817221568075338, 0.00817221568075338, 0.00817221568075338, 0.00817221568075338, 0.00817221568075338, 0.00817221568075338, 0.00817221568075338, 0.00817221568075338, 0.00817221568075338, 0.00817221568075338, 0.00817221568075338, 0.00817221568075338, 0.00817221568075338, 0.00817221568075338, 0.00817221568075338, 0.00817221568075338, 0.00817221568075338, 0.00817221568075338","0, 0, 0, 0, 0, 0, 0, 0, 0, 0, 0, 0, 0, 0, 0, 0, 0, 0, 0, 0, 0, 0, 0, 0, 0, 0, 0",0,1,0,,1540,1540
15,2082,NA,NA,NA,NA,NA,NA,0,0,,1731,1731
16,2085,NA,NA,NA,NA,NA,NA,0,0,,2013,#N/A
17,2090,198.459345,4,-387.9884574,"0.00759879628414867, 0.00785158957103044, 0.00796298478713505, 0.00796581416455517, 0.00775281840031938, 0.00754853334568504, 0.0074227806675061, 0.00741007548563265, 0.00744297643741109, 0.00763641392515274, 0.0081284543699026, 0.00898374526431185, 0.00964994583403644, 0.00993796079115863, 0.0103482783312042, 0.0105560732511008, 0.0109354862390212, 0.0116117052003906, 0.0123903488544032, 0.0127968906161928, 0.0129753513487868, 0.0129866706348345, 0.0130659154761162, 0.0130130839306797, 0.0128607911544687, 0.012627410906365, 0.0124886033903163","0.000742134776843299, 0.000908096004921498, 0.000980217306005745, 0.00101417325034548, 0.00103064231414104, 0.00103873541888639, 0.0010427381534393, 0.00104472630884183, 0.00104572047847762, 0.00104622844352903, 0.00104650899714677, 0.00104670488401976, 0.00104691569109854, 0.00104724851760479, 0.00104787230011988, 0.00104910315298365, 0.00105156290834697, 0.00105648665029136, 0.00106631680072708, 0.00108581460748905, 0.00112400073391307, 0.00119711096273769, 0.00125594833714431, 0.00131624617683972, 0.0013918314570393, 0.00149757152940598, 0.00165092872587644",0,0,1,,2015,#N/A
18,2092,179.4935206,4,-349.9870413,"0.0147814855296018, 0.0148821249147414, 0.0150473001339666, 0.015225995129204, 0.0152123478329419, 0.0150800326014793, 0.0146845622122404, 0.0142916431394394, 0.0136615034895707, 0.0127568708365799, 0.0120793425676079, 0.0118452583660818, 0.012017645717015, 0.0124646889995649, 0.0130263438767332, 0.0136859814421059, 0.0143358771886947, 0.0150791538964437, 0.0156171768139143, 0.0160849878438689, 0.0162811977841249, 0.0160569645233444, 0.0157785807569961, 0.0153317484611765, 0.0147849373145128, 0.0141456070717963, 0.0137523197084417","0.000971391472461531, 0.00121960122154236, 0.00134121554309008, 0.00140490275356881, 0.00143733588999077, 0.00145044124761791, 0.00144877053699265, 0.00143175151224228, 0.00139342024844609, 0.00131936650806428, 0.00128372262188241, 0.00126692290327539, 0.00125909153450431, 0.00125546578399213, 0.00125380457349655, 0.00125307330184352, 0.00125281496083997, 0.0012528678693545, 0.00125326514969132, 0.00125425534938244, 0.00125645672028288, 0.00126123743858078, 0.00127153930211292, 0.00129356862022808, 0.00134002673457591, 0.00143547198358669, 0.00162300215740861",0,0,1,,2030,2030
19,2111,NA,NA,NA,NA,NA,NA,0,0,,2033,2033
20,2200,NA,NA,NA,NA,NA,NA,0,0,,2044,#N/A
21,2273,NA,NA,NA,NA,NA,NA,0,0,,2052,2052
22,2300,98.97433347,4,-188.8058098,"0.0653279380072531, 0.0651909496620384, 0.0638199214612289, 0.0616155408294431, 0.0596584310518797, 0.0586191910105165, 0.0595487405183958, 0.0617336839573337, 0.0630649552094971, 0.062030179978827, 0.0614568145405508, 0.0634457162115444, 0.0680236013680479, 0.0740875897943884, 0.0790712903087409, 0.0787565253097703, 0.0760861495117053, 0.0742763267031797, 0.0716194350640593, 0.0696880907683418, 0.0686030032243389, 0.0649602064694652, 0.060050307393204, 0.0556772852114153, 0.0516078745568507, 0.0484568213702311, 0.0466364092692093","0.00519210576958906, 0.00626195556383949, 0.00655056074255586, 0.00631714140349057, 0.00622701229124846, 0.00619275457802254, 0.00617983504473502, 0.00617503209191394, 0.00617340215085029, 0.00617326404185053, 0.00617447523214513, 0.00617828527007903, 0.00618861842942719, 0.00621606892821246, 0.0062884410842031, 0.0064767845792722, 0.00695239116811475, 0.00718009517508272, 0.00729501068970595, 0.00735937925628405, 0.00740653933522165, 0.00746026857987898, 0.00754702137179821, 0.00770815984545638, 0.0080164449299449, 0.00859839628977001, 0.00965781724904677",0,0,1,,2060,2060
23,2340,163.6505365,4,-319.0413328,"0.0135445493698017, 0.0137036949435736, 0.0140858077345819, 0.0146297611467202, 0.0152755021321831, 0.0160446839160292, 0.0169364860236159, 0.0178508556991486, 0.0190092873626609, 0.0202186507130558, 0.0215560450465516, 0.0231139150942637, 0.0248994546191723, 0.0269171334463051, 0.0291843864120808, 0.0319424623483866, 0.0354302640617862, 0.0398215376340264, 0.0452648433833875, 0.0519389727729508, 0.0604321849057429, 0.0646421033611951, 0.0678182726899755, 0.0697408006878901, 0.0698939206685501, 0.0683764805312577, 0.0681510353918382","0.00763548324486241, 0.00967733804115403, 0.0106802738254846, 0.0112377622170117, 0.0115468989662089, 0.0117021996538931, 0.0117478646442865, 0.0118198903074028, 0.0119383867666849, 0.0120105497169088, 0.0120549586382559, 0.0120828654798338, 0.0121012718032119, 0.0121147667615284, 0.012126700568158, 0.0121400257805816, 0.0121580280840912, 0.0121851279183365, 0.01222793987093, 0.0122968176155997, 0.0124081772797407, 0.0125879519214691, 0.0128765063645553, 0.0133350775228992, 0.0140531043371895, 0.0151547275897089, 0.0168021531617218",0,0,1,,2082,2082
24,2400,147.8826704,4,-287.3693012,"0.0521057062353551, 0.0521057062353551, 0.0521057062353551, 0.0521057062353551, 0.0521057062353551, 0.0521057062353551, 0.0521057062353551, 0.0521057062353551, 0.0521057062353551, 0.0521057062353551, 0.0521057062353551, 0.0521057062353551, 0.0521057062353551, 0.0521057062353551, 0.0521057062353551, 0.0521057062353551, 0.0521057062353551, 0.0521057062353551, 0.0521057062353551, 0.0521057062353551, 0.0521057062353551, 0.0521057062353551, 0.0521057062353551, 0.0521057062353551, 0.0521057062353551, 0.0521057062353551, 0.0521057062353551","0, 0, 0, 0, 0, 0, 0, 0, 0, 0, 0, 0, 0, 0, 0, 0, 0, 0, 0, 0, 0, 0, 0, 0, 0, 0, 0",0,1,0,,2084,#N/A
25,2430,-77.49917433,4,164.8165305,"0.569654004233062, 0.569928862717614, 0.570465625632483, 0.571353266685038, 0.57259417478686, 0.574193161712693, 0.576149996416232, 0.578223629869908, 0.580299890967068, 0.582730148581396, 0.585509113555724, 0.588630517703052, 0.592068369984316, 0.594446720251879, 0.596951145771531, 0.597342913815784, 0.597423267160657, 0.597409289739055","0.052474215905039, 0.0740701115980974, 0.0905548120542785, 0.104386632882572, 0.116521261618568, 0.127450805531997, 0.137468901201269, 0.146788726683478, 0.155546199702517, 0.163817690009007, 0.171678130606711, 0.179186095237464, 0.186415703876304, 0.193406475813175, 0.200191490081703, 0.206798844222937, 0.213252711873342, 0.219574126630515",10,0,0,,2085,2085
26,2451,-1913.73774,4,3835.525107,"0.134658895024103, 0.136169547921858, 0.141662025058938, 0.154681578334728, 0.16620338382985, 0.175952065357261, 0.193221611221639, 0.224997759273556, 0.252346799063372, 0.284659847157143, 0.33288374360347, 0.395569439135818, 0.463566195445523, 0.536910249193894, 0.622434900001937, 0.742895938159134, 0.848774001512703, 0.995122978246406, 1.19756908463511, 1.3977416148618, 1.55972746113372, 1.67801891041412, 1.69445022646808, 1.56365462750124, 1.37618084876296, 1.31361791095437, 1.35237597612359","0.177642990948988, 0.216441945624755, 0.230236758448972, 0.234238094638856, 0.234312755399964, 0.232186244966669, 0.22653230250077, 0.221822847847891, 0.219449343739516, 0.217546119440215, 0.216156528162752, 0.212522799549278, 0.209757609398987, 0.206835305106006, 0.207058444230471, 0.206026944284144, 0.204230296180996, 0.204385993556053, 0.205130176750091, 0.205716250774677, 0.206755975287896, 0.207777654353425, 0.209810372629568, 0.214843406877268, 0.224368926321042, 0.241303425908405, 0.275197132582631",0,0,1,,2086,#N/A
27,2452,-528.7626095,4,1065.709551,"0.307658382360728, 0.308146713260266, 0.310438188510678, 0.314874020873173, 0.322502727047668, 0.333342310756223, 0.348144708667548, 0.367249876314256, 0.391425243101527, 0.421916752625702, 0.458383665464761, 0.496246887641391, 0.529442506027523, 0.552699064135664, 0.567369060495592, 0.589500705088094, 0.615498770537197, 0.649980035810554, 0.691907436054594, 0.738590971010801, 0.782763118157015, 0.829619005097893, 0.829436004945753, 0.834395675459463, 0.828147640054567, 0.815662337666121, 0.81034601363758","0.100665287249153, 0.135406580746776, 0.157717752596538, 0.172989165612208, 0.18364230924545, 0.190781323597405, 0.195651131737663, 0.198637171822916, 0.200288524420451, 0.201387835020411, 0.202682880366348, 0.204271298757951, 0.20593236002315, 0.207783217594477, 0.209951089164621, 0.212580737112572, 0.216193161988087, 0.221017521277169, 0.226249656973963, 0.231787679582742, 0.237891113420563, 0.245218060090048, 0.25367187975529, 0.263565638238381, 0.275233791951318, 0.288581814557233, 0.30443304599826",0,0,1,,2090,2090
28,2531,308.249789,4,-608.1292076,"0.0233641488506932, 0.0233641488506932, 0.0233641488506932, 0.0233641488506932, 0.0233641488506932, 0.0233641488506932, 0.0233641488506932, 0.0233641488506932, 0.0233641488506932, 0.0233641488506932, 0.0233641488506932, 0.0233641488506932, 0.0233641488506932, 0.0233641488506932, 0.0233641488506932, 0.0233641488506932, 0.0233641488506932, 0.0233641488506932, 0.0233641488506932, 0.0233641488506932, 0.0233641488506932, 0.0233641488506932, 0.0233641488506932, 0.0233641488506932, 0.0233641488506932, 0.0233641488506932, 0.0233641488506932","0, 0, 0, 0, 0, 0, 0, 0, 0, 0, 0, 0, 0, 0, 0, 0, 0, 0, 0, 0, 0, 0, 0, 0, 0, 0, 0",0,1,0,,2092,2092
29,2611,203.1709048,4,-397.4722445,"0.00384139614350636, 0.00398090308573738, 0.00421517508302557, 0.00444699343969888, 0.00462828260960655, 0.00495331928874142, 0.00535274180500969, 0.00591103396350186, 0.00650464153198601, 0.00764153291993241, 0.00852326568479341, 0.00917894313411891, 0.00949836007745087, 0.00976847297599038, 0.00967909341537883, 0.00930433146033997, 0.00915988258410629, 0.00913692876783396, 0.00948318247104133, 0.0100414052747943, 0.01096289905938, 0.0117114909472496, 0.0123090306614152, 0.0127444746549542, 0.0129761057756002, 0.012956621919043, 0.0129524770486767","0.000970473898303697, 0.00118296652432041, 0.00123055786278739, 0.00125151981512412, 0.00126026768916619, 0.00126255037356292, 0.00125984370378311, 0.00125039663346589, 0.0012279864104338, 0.00117711218809613, 0.00115750119410802, 0.00115175659629071, 0.00115456963495333, 0.00116855258730021, 0.00120633865792655, 0.00120000779006763, 0.00124437703970348, 0.0012716269194321, 0.00129957413754739, 0.00134510850980832, 0.00143323808625671, 0.00149234562604979, 0.00154323131957578, 0.00160166793230609, 0.00168382221494895, 0.00180963572347646, 0.00200495091725729",0,0,1,,2111,2111
30,2621,221.7953965,4,-434.9754085,"0.0242417383621094, 0.0241257102802769, 0.0244009005212257, 0.0249587047955997, 0.0256613710342484, 0.0266512589397235, 0.0275975396139504, 0.0282491242170015, 0.0284984409856103, 0.0281502791383997, 0.0274382326853032, 0.0268307538248842, 0.026028470746331, 0.0252337693611705, 0.0243804473827102, 0.0237142625345609, 0.0231943732895949, 0.0227114127361568, 0.0221296920670106, 0.0215901554235503, 0.0207711299469976, 0.0200385500632346, 0.0193248305417816, 0.0187446744077821, 0.0182718070385882, 0.0179506150301643, 0.0177756040577315","0.00145368811230826, 0.00179855437472028, 0.00196333912629717, 0.00204873974843555, 0.00209445468268103, 0.00211931283175806, 0.00213295435667889, 0.00214050519858511, 0.00214475483024774, 0.00214725855197968, 0.00214892782561462, 0.00215036835133635, 0.00215210155671569, 0.00215475325742535, 0.00215927764907656, 0.00216729376219009, 0.00218164253492555, 0.00220732336031857, 0.00225302090166677, 0.00233341678254991, 0.00240133774715929, 0.00247344389420972, 0.00256584498362101, 0.00269720203225764, 0.00289094924136032, 0.00317664033653354, 0.00349587877563499",0,0,1,,2200,2200
31,2780,131.4715494,4,-254.4097655,"0.0264598222944724, 0.0264598222944724, 0.0264598222944724, 0.0264598222944724, 0.0264598222944724, 0.0264598222944724, 0.0264598222944724, 0.0264598222944724, 0.0264598222944724, 0.0264598222944724, 0.0264598222944724, 0.0264598222944724, 0.0264598222944724, 0.0264598222944724, 0.0264598222944724, 0.0264598222944724, 0.0264598222944724, 0.0264598222944724, 0.0264598222944724, 0.0264598222944724, 0.0264598222944724, 0.0264598222944724, 0.0264598222944724, 0.0264598222944724, 0.0264598222944724, 0.0264598222944724, 0.0264598222944724","0, 0, 0, 0, 0, 0, 0, 0, 0, 0, 0, 0, 0, 0, 0, 0, 0, 0, 0, 0, 0, 0, 0, 0, 0, 0, 0",0,1,0,,2253,#N/A
32,2800,NA,NA,NA,NA,NA,NA,0,0,,2273,2273
33,2820,NA,NA,NA,NA,NA,NA,0,0,,2300,2300
34,2833,NA,NA,NA,NA,NA,NA,0,0,,2340,2340
35,2840,222.8543465,4,-436.8923665,"0.0144231623569356, 0.0141606286160897, 0.0140977399312206, 0.0140585997071134, 0.0141120826475531, 0.0142395310800232, 0.0143939959308496, 0.0143918492718402, 0.0143183826807802, 0.0141575821791897, 0.0141460400108436, 0.0141352787938497, 0.0141195519327436, 0.0141823262842087, 0.01458946747068, 0.01505122116643, 0.0151810459483147, 0.0149330911984767, 0.0144777787866293, 0.0136002788872032, 0.0123944095375965, 0.0110778564948488, 0.00982274142571728, 0.00912042326277758, 0.0086933600532398, 0.00830440028044858, 0.00799338484424588","0.000887481296485681, 0.00105492551812565, 0.001116770333412, 0.00114133159671833, 0.00115132119267054, 0.00115542114897701, 0.00115710997005388, 0.00115780665031223, 0.00115809424059165, 0.00115821303215964, 0.00115826221252813, 0.00115828283445744, 0.0011582921098824, 0.00115829778008201, 0.00115830457729354, 0.00115831817421915, 0.00115834991796872, 0.0011584262978233, 0.00115861103925567, 0.00115905820973285, 0.00116014034344714, 0.00116275668603604, 0.001169068239837, 0.00118421313818824, 0.00122010991453626, 0.00130294782559054, 0.00148452205304251",0,0,1,,2400,2400
36,2844,185.8211132,4,-363.0172265,"0.0102782176200888, 0.0103455404225768, 0.0108259620962573, 0.0111772178831783, 0.0113592260162735, 0.0114589709457125, 0.0112460849120203, 0.011047035379695, 0.0107898575345223, 0.0109643165158365, 0.011401461080541, 0.0122072687482353, 0.014050446300632, 0.0168285966901599, 0.0201107904185939, 0.0220294367558454, 0.0210689877799393, 0.0173077938541494, 0.0143180557802423, 0.0118270526882718, 0.00999142365068515, 0.00870139591633437, 0.00775769735138765, 0.00707011356708878, 0.00644966997238161, 0.00602467987850575, 0.00580636799645541","0.00300119668814376, 0.00356098400284096, 0.00378334723386071, 0.00387787366899766, 0.00391853006891942, 0.00393500092971235, 0.00393898240019372, 0.00393327431745148, 0.00391385936962355, 0.0038669083490316, 0.00375787397973328, 0.00373069018402826, 0.00376187950363802, 0.00387832621461067, 0.00394109426909195, 0.00399552160858853, 0.0040787967367612, 0.00424443352264701, 0.00433985532427106, 0.0044121712260114, 0.00449470504644987, 0.00462327834731253, 0.00484958636665632, 0.00525458651142537, 0.00566175465100944, 0.00615239499572038, 0.00680464072929084",0,0,1,,2421,#N/A
37,2851,NA,NA,NA,NA,NA,NA,0,0,,2430,2430
38,2860,279.2583459,4,-549.9761512,"0.0116103242137768, 0.0116103242137768, 0.0116103242137768, 0.0116103242137768, 0.0116103242137768, 0.0116103242137768, 0.0116103242137768, 0.0116103242137768, 0.0116103242137768, 0.0116103242137768, 0.0116103242137768, 0.0116103242137768, 0.0116103242137768, 0.0116103242137768, 0.0116103242137768, 0.0116103242137768, 0.0116103242137768, 0.0116103242137768, 0.0116103242137768, 0.0116103242137768, 0.0116103242137768, 0.0116103242137768, 0.0116103242137768, 0.0116103242137768, 0.0116103242137768, 0.0116103242137768, 0.0116103242137768","0, 0, 0, 0, 0, 0, 0, 0, 0, 0, 0, 0, 0, 0, 0, 0, 0, 0, 0, 0, 0, 0, 0, 0, 0, 0, 0",0,1,0,,2451,2451
39,2870,89.66136822,4,-170.3703555,"0.0534758113480419, 0.054162335264942, 0.0561242730338322, 0.0577245572769074, 0.0586103883742859, 0.0557867020591317, 0.0544187478066595, 0.0538500049828671, 0.0515981694649416, 0.0474243903836559, 0.0432131133015629, 0.0380773930802294, 0.0329423917607956, 0.0287269578553751, 0.0264400342946918, 0.0249561068090174, 0.0228201787324873, 0.0201680804689627, 0.0178297096440085, 0.0162056884737273, 0.0135787250089534, 0.0117028846209185, 0.0105141164356827, 0.00960097294955512, 0.00892705286561303, 0.00846627887038517, 0.0082321562504697","0.00619000851205036, 0.00792728599822003, 0.00881910153231626, 0.00925621780034767, 0.00937538365527778, 0.00920964071031583, 0.00911868816387629, 0.00907303264974804, 0.00905750572895756, 0.00906689151476596, 0.00910434644607764, 0.00918236035867667, 0.00932641727693417, 0.00917242484682311, 0.00908123630604614, 0.00862166548579157, 0.00840993409048318, 0.00835219759253016, 0.0084215312153238, 0.00865019549835175, 0.00913879785978572, 0.0096772085875572, 0.0104270739471201, 0.0111236639378144, 0.0118850742937754, 0.0128172140238919, 0.0140269967719687",0,0,1,,2452,2452
40,2911,132.4157884,4,-255.8559671,"0.0142326772784361, 0.0140238685302038, 0.0140302891078619, 0.0143692038754054, 0.0146660921728981, 0.0147044972246723, 0.0148443603780449, 0.0152028628195045, 0.0155990078737105, 0.016123708485311, 0.0163724009656464, 0.0165840905908022, 0.0164266559768234, 0.0155465472004421, 0.0142867674930875, 0.0126446683337262, 0.0111249877061607, 0.00982049731521089, 0.00858817494701648, 0.00770890327134116, 0.00691964679477215, 0.00624584719846424, 0.00569580378176125, 0.00526700914878385, 0.00494321510746425, 0.00473042740132069, 0.00462435750887159","0.00193356631329954, 0.00246102898829732, 0.00273750639778565, 0.00289574386728063, 0.00298973102046095, 0.00304668336949082, 0.00308168519266234, 0.00310354210520986, 0.00311758603030563, 0.00312717825875481, 0.0031345863369634, 0.00314154608705472, 0.00314967622954861, 0.00316085311499398, 0.00317763100561911, 0.00320379048311766, 0.00324510163776071, 0.00331038278379066, 0.00341288954853044, 0.00357194281749897, 0.00371035915298649, 0.00384556382853979, 0.00399270771700554, 0.00416655920431871, 0.00438268384358857, 0.00465816639582682, 0.00501199073031933",0,0,1,,2531,2531
41,2990,NA,NA,NA,NA,NA,NA,0,0,,2540,#N/A
42,3081,NA,NA,NA,NA,NA,NA,0,0,,2611,2611
43,3089,269.2900437,4,-530.2027289,"0.0202736319932798, 0.0205189055785518, 0.0205363551021567, 0.0205932444700657, 0.0204446900473984, 0.0204392657524381, 0.0204763720089911, 0.0210892217659566, 0.0222161229498727, 0.0227778906160555, 0.0234329118069416, 0.0242349914065571, 0.0250641355917149, 0.0246679216138128, 0.024489648157009, 0.0230974536833047, 0.0209249911068532, 0.0186487316082643, 0.0170113715746758, 0.0160230073480599, 0.0154409176775392, 0.0143824111166847, 0.01341637660034, 0.012379790718235, 0.0117005050077352, 0.0113173952488173, 0.0112462273474068","0.0024100090037462, 0.00310807546562659, 0.00348793689155956, 0.00369437879973821, 0.00378150918681441, 0.00376881363486989, 0.00371575916138964, 0.00367131249107623, 0.00362401524107713, 0.00356116404888397, 0.00352418592687783, 0.00350169665506722, 0.00348658091039377, 0.0034739712637108, 0.00345975346593563, 0.00343922840611227, 0.00340549672191436, 0.00340386439356075, 0.00343374022356597, 0.00350580189349304, 0.00358643432016842, 0.00364101966079567, 0.00374487018048988, 0.00392609095866342, 0.00416441860564228, 0.00450672985438417, 0.00500915499668829",0,0,1,,2621,2621
44,3250,122.3725512,4,-235.3165311,"0.0349199277755175, 0.0338247585666268, 0.0296403057038675, 0.0269179110970835, 0.0256119330400372, 0.0246615219429973, 0.0241758821754961, 0.0239158808865097, 0.0204374462801859, 0.019446229896581, 0.0184272697927344, 0.0190860318430505, 0.0224144763147507, 0.025387741953461, 0.0227844147405781, 0.0237924459107895, 0.0244416317654345, 0.0242979971870793, 0.0243765431106771, 0.0237091562398006, 0.0230126875071965, 0.0209370788744993, 0.019287605701733, 0.0161675643663494, 0.0144296089053736, 0.0138234598866188, 0.0139536404648131","0.00218896286334212, 0.00244893961447697, 0.00251006137502279, 0.00252494884896783, 0.00252764465837162, 0.00252419912886563, 0.00250687323046001, 0.00243587930072788, 0.00213025573958, 0.00208150600144944, 0.00207438793973916, 0.00207438799784707, 0.0020815064612946, 0.00213025880164614, 0.00243589749432501, 0.00250695203958049, 0.00252451893389, 0.00252892235378577, 0.00253003645720702, 0.00253034519202201, 0.00253053588517993, 0.00253103285215115, 0.00253294112058033, 0.00254049331778469, 0.002570279809106, 0.00268537725804467, 0.00310080092869321",0,0,1,,2711,#N/A
45,3270,258.8392802,4,-509.1452271,"0.0207243562232705, 0.0206026980263468, 0.020602265597711, 0.0204936744399723, 0.0201396920993067, 0.0196805344766459, 0.0189690867504844, 0.0183649442770648, 0.0177675608854001, 0.0174225755994941, 0.016951399926176, 0.0162393124446536, 0.0152487517074938, 0.014603982923111, 0.0139234997646955, 0.0131867870253128, 0.012489836490354, 0.0119013163327545, 0.0114486150962554, 0.0110486544949357, 0.0107725583437982, 0.0106761417635326, 0.0106898136450774, 0.0106658024233964, 0.0106373440412508, 0.0106952431478489, 0.0108256100799931","0.00119435385206097, 0.00150260792891824, 0.00165894373760377, 0.00174330720436473, 0.00178726381785139, 0.00180511510101148, 0.00180231875667468, 0.00177803232802274, 0.00176464440053881, 0.0017576587054731, 0.00175468435785828, 0.00175469380124861, 0.00175769030723162, 0.00176470904727264, 0.0017781519997796, 0.00180253314788489, 0.00184576367375254, 0.0019210715673125, 0.00200690919510982, 0.00207873059239189, 0.00214987091359149, 0.00218501489594803, 0.00223680820410595, 0.00231277008876101, 0.00242307246356683, 0.00258097627039838, 0.00280304030646843",0,0,1,,2721,#N/A
46,3312,8.098544093,4,-7.656547645,"0.105924987392377, 0.105924987392377, 0.105924987392377, 0.105924987392377, 0.105924987392377, 0.105924987392377, 0.105924987392377, 0.105924987392377, 0.105924987392377, 0.105924987392377, 0.105924987392377, 0.105924987392377, 0.105924987392377, 0.105924987392377, 0.105924987392377, 0.105924987392377, 0.105924987392377, 0.105924987392377, 0.105924987392377, 0.105924987392377, 0.105924987392377, 0.105924987392377, 0.105924987392377, 0.105924987392377, 0.105924987392377","0, 0, 0, 0, 0, 0, 0, 0, 0, 0, 0, 0, 0, 0, 0, 0, 0, 0, 0, 0, 0, 0, 0, 0, 0",0,1,0,,2732,#N/A
47,3317,352.1132168,4,-696.081506,"0.074606910520808, 0.0747520616214812, 0.0750504091233938, 0.075276009633479, 0.0754748564214909, 0.0758530939444291, 0.0763273721462878, 0.0765735853369148, 0.0767999158509987, 0.077263793123892, 0.077972133150556, 0.0788592476303434, 0.0797600552403441, 0.0806026170582149, 0.0816511287822954, 0.0824436835362854, 0.0835232542832279, 0.0848021227464407, 0.0864149270099172, 0.0879931485472717, 0.0891577781557024, 0.0900864614561185, 0.0907541473402303, 0.0907011884208425, 0.0898436927271307, 0.088895878634926, 0.0883421780705445","0.00286926845110865, 0.00381766406615724, 0.00439442549800255, 0.00476569999231067, 0.00500327183154052, 0.00516807859143046, 0.00528973653211682, 0.00537093365957829, 0.00543043381103736, 0.00547403408091385, 0.00549500697122707, 0.00549525992011576, 0.00548570567774385, 0.00547633305421565, 0.00546625427656564, 0.00547617826532052, 0.00550708584785408, 0.00557290720991625, 0.00566900056555868, 0.00579293332053629, 0.00595520173626356, 0.00615687564122671, 0.00638798117587123, 0.00666260061233838, 0.00699579320884749, 0.00740386620780884, 0.00787541166024428",0,0,1,,2771,#N/A
48,3360,147.9354563,4,-286.8953028,"0.0955837855431032, 0.0987441179815531, 0.101213238161099, 0.101486950567837, 0.0978055539963201, 0.104769704905318, 0.112361657730146, 0.115680636340769, 0.113726058922134, 0.114685595484896, 0.107664882631655, 0.0968525908673623, 0.096235775050379, 0.0893942349539211, 0.0817289378606298, 0.0754375988686203, 0.0730844947271692, 0.0721067147636882, 0.0719100301374147, 0.0627238961450055, 0.0588943746318043, 0.059919302843382, 0.0618778765428465, 0.0527635164152147, 0.0465394892380219, 0.0426183592073209, 0.0411460891110498","0.00354123736362476, 0.00366070353744966, 0.00366875744986802, 0.00366930937695679, 0.00366934724137057, 0.00366934983921581, 0.00366935001745268, 0.00366935002968143, 0.00366935003052057, 0.00366935003058003, 0.00366935003061161, 0.00366935003101459, 0.00366935003688418, 0.00366935012243463, 0.00366935136935218, 0.00366936954342058, 0.0036696344245231, 0.00367349296093959, 0.00372927891528011, 0.00446392945367231, 0.00455790617239692, 0.00457102755216865, 0.00457315707629845, 0.00457547558747455, 0.0045901075121749, 0.00469243219958192, 0.00536304167687813",0,0,1,,2780,2780
49,3390,113.2406125,4,-218.0771845,"0.116310119800508, 0.116310119800508, 0.116310119800508, 0.116310119800508, 0.116310119800508, 0.116310119800508, 0.116310119800508, 0.116310119800508, 0.116310119800508, 0.116310119800508, 0.116310119800508, 0.116310119800508, 0.116310119800508, 0.116310119800508, 0.116310119800508, 0.116310119800508, 0.116310119800508, 0.116310119800508, 0.116310119800508, 0.116310119800508, 0.116310119800508, 0.116310119800508, 0.116310119800508, 0.116310119800508, 0.116310119800508, 0.116310119800508, 0.116310119800508","0, 0, 0, 0, 0, 0, 0, 0, 0, 0, 0, 0, 0, 0, 0, 0, 0, 0, 0, 0, 0, 0, 0, 0, 0, 0, 0",0,1,0,,2790,#N/A
50,3420,61.79225301,4,-114.2941834,"0.0765764703092672, 0.0772552209040358, 0.0783472057231101, 0.07843927363201, 0.0762502688512741, 0.0739636867833287, 0.0716484186798863, 0.0693884844664167, 0.0675279663606187, 0.0657038519018619, 0.0639257712500531, 0.0622378837416936, 0.0610527110064459, 0.0603614681952402, 0.0603234066016055, 0.0608616353911986, 0.061577052235077, 0.0623243605787386, 0.06309438809626, 0.0638157952055143","0.00458594184375696, 0.00596432912888308, 0.0067297004368904, 0.00716156620685621, 0.00747026033997467, 0.0077211451264061, 0.00796099845433172, 0.00823019083519279, 0.00856979805753869, 0.00890319191961066, 0.00926703214991619, 0.00969691062175996, 0.0100914522784036, 0.0104758959501084, 0.0108720384763585, 0.0112999722365577, 0.0117791790789438, 0.0123292321645691, 0.0129702390266316, 0.0137231113999267",0,0,1,,2800,2800
51,3430,291.0665874,4,-573.9961885,"0.0535836403994938, 0.0556873477067172, 0.0614986771494896, 0.0701755648650397, 0.0842408388938456, 0.0918348666520624, 0.102316567374467, 0.10995498492914, 0.105878628655686, 0.102105764619954, 0.10053345991745, 0.103976207185969, 0.115388988280529, 0.120068511087203, 0.123792260664599, 0.132245362662934, 0.145234894591439, 0.162472585861954, 0.177216988967231, 0.19127987715129, 0.209689027362698, 0.227204435542709, 0.236926348760443, 0.221736334035286, 0.206348570688036, 0.197231664325484, 0.199593034518818","0.0155352197409331, 0.0183024071044529, 0.018653321080931, 0.0178854153668954, 0.0170116938437907, 0.0166854993224761, 0.0164308497443646, 0.0158462037557358, 0.0156230163722433, 0.0153328767202569, 0.0152213462555393, 0.0150470665265623, 0.0144136227403935, 0.0142233956523727, 0.0139457531741465, 0.0135701565955455, 0.013502842048565, 0.0135093602959183, 0.0136127410110383, 0.0141690047753424, 0.0144753714318435, 0.0145692292320608, 0.0147007717269792, 0.0152058968654698, 0.0156098131072979, 0.0167521127967091, 0.019731401378544",0,0,1,,2820,2820
52,3433,211.9013716,4,-415.5944098,"0.0893808752850515, 0.0894242462913358, 0.0894934390395502, 0.0895911773557494, 0.0897540665082452, 0.0900159303246316, 0.0903456444175438, 0.0906882183348559, 0.0909891471449893, 0.0912745530441607, 0.091572338058257, 0.0918824114550573, 0.0922599361933835, 0.0926854577768633, 0.0930771085077539, 0.0935461675579059, 0.0942626520142811, 0.0950212113837014, 0.0957396852707003, 0.0963522675077462, 0.0969732653409576, 0.0975720440337776, 0.0977816331095221, 0.0976513913987584, 0.0974323954663244, 0.0973130551078289, 0.0972622211115083","0.00208816452641819, 0.00286439763665419, 0.00339757793118723, 0.00380230005532091, 0.00412146499846583, 0.00438063336476978, 0.00459391744249676, 0.00477077329475374, 0.00492117450098185, 0.00505025123589683, 0.00516199242356217, 0.00525958159738075, 0.00534561639234859, 0.00543324972839774, 0.00552474617842494, 0.00562235841065222, 0.00572837412204915, 0.0058451543809874, 0.00597516456143431, 0.00612508896180444, 0.00629784375011398, 0.00648796385314812, 0.00669844092204584, 0.00693235246117931, 0.00718338992578711, 0.00745437586776948, 0.00773792644725329",10,0,0,,2833,2833
53,3442,151.5781318,4,-294.5928833,"0.0167720680470376, 0.0174765905004207, 0.0189478897129736, 0.0213167622328374, 0.0239430970796072, 0.0261783203352906, 0.0251175831473938, 0.02540337102506, 0.0255499675749555, 0.0259507143357687, 0.0264766368469732, 0.0252620190392213, 0.0233163539410051, 0.0226176719082667, 0.0223903109464046, 0.0214395702781136, 0.0223884953392078, 0.0249762647805868, 0.0293210078865961, 0.0350415568898056, 0.0424348437083817, 0.0521179038868585, 0.0572223668270476, 0.0593523659125292, 0.0593523659125292","0.00618570295514527, 0.00753964589322454, 0.00802262144657127, 0.00801840888378109, 0.00801642747760192, 0.0080152823390219, 0.00801416672027463, 0.0080122942595228, 0.00800834421035263, 0.00799952663439642, 0.00797959515845924, 0.00793433532545744, 0.00783096889236572, 0.00759188717955186, 0.00749717257494708, 0.0074616106217187, 0.0074521321527347, 0.00745981918396321, 0.0074919075909311, 0.00757829101040494, 0.00779705466290827, 0.00833201598488825, 0.00956726703936024, 0.0110634597485733, 0.0132789556733699",0,0,1,,2840,2840
54,3444,158.3143012,4,-307.3786023,"0.0115888777674747, 0.0118505205560087, 0.012463519308707, 0.012921378551774, 0.013502942586323, 0.0142820042179887, 0.0149202124096595, 0.0151706196842235, 0.0155658861243984, 0.0161470015695951, 0.0169492991098797, 0.0175962212931417, 0.0179038578533012, 0.0178529960198695, 0.0177045678058534, 0.0175296261566233, 0.017372134437662, 0.0172691352496023, 0.0170006386380505, 0.0164731221478866, 0.0159791661931526, 0.0159141609327727, 0.0159015374355224, 0.0155286903411611, 0.0153442668984544, 0.0152287024568419, 0.0153541577483748","0.000815130802332591, 0.00100580736431531, 0.00109228320880555, 0.00113484873354076, 0.00115645864260835, 0.00116757256326797, 0.00117330111572989, 0.00117621229458789, 0.00117759448569429, 0.0011780555450773, 0.00117779768905206, 0.00117670785801855, 0.00117430726022313, 0.00116953582529796, 0.0011602640632579, 0.00114226575518238, 0.00110698347808978, 0.00103610850104782, 0.00100639189565827, 0.000994486356474794, 0.000990321591570253, 0.000990266572712226, 0.000994272940584479, 0.00100583542412122, 0.00103474810128311, 0.00110380093396047, 0.00125971628207348",0,0,1,,2844,2844
55,3451,NA,NA,NA,NA,NA,NA,0,0,,2851,2851
56,3452,91.54171775,4,-174.2138703,"0.0435478552828758, 0.0437102868756078, 0.0440223529507239, 0.0444951086515644, 0.0451900260125789, 0.0457373576726029, 0.0463115408669248, 0.0468573454723545, 0.047475131524682, 0.0480740384185103, 0.0487583985568338, 0.0494309559334568, 0.0502434508380675, 0.0508202188779408, 0.051396296285748, 0.0522197571865003, 0.0532638763596469, 0.0546402072587092, 0.056515237312625, 0.0586331676640641, 0.0611789482302851, 0.0638475669744215, 0.0659758247381539, 0.0676790776511592, 0.069253063023749, 0.070291582572684, 0.0709933026187608","0.00409444934174007, 0.0053613074312182, 0.00611870285521856, 0.00661469615161587, 0.00695327236133631, 0.00719013362686717, 0.00735886891414966, 0.00748119620150425, 0.00757185563955958, 0.00764127566458751, 0.00769717501349331, 0.0077456094283927, 0.00779171537938574, 0.00784029029056711, 0.00789629443627705, 0.00796533099575834, 0.00805414298209599, 0.00817115089226932, 0.00832703765486058, 0.00842670759350492, 0.00847725551601223, 0.00859274070254716, 0.00878228743694605, 0.0090601752943133, 0.00944594383887515, 0.0099643788335556, 0.0106453326099934",0,0,1,,2860,2860
57,3523,158.3904926,4,-308.2330401,"0.0276147436759263, 0.0276147436759263, 0.0276147436759263, 0.0276147436759263, 0.0276147436759263, 0.0276147436759263, 0.0276147436759263, 0.0276147436759263, 0.0276147436759263, 0.0276147436759263, 0.0276147436759263, 0.0276147436759263, 0.0276147436759263, 0.0276147436759263, 0.0276147436759263, 0.0276147436759263, 0.0276147436759263, 0.0276147436759263, 0.0276147436759263, 0.0276147436759263, 0.0276147436759263, 0.0276147436759263, 0.0276147436759263, 0.0276147436759263, 0.0276147436759263, 0.0276147436759263, 0.0276147436759263","0, 0, 0, 0, 0, 0, 0, 0, 0, 0, 0, 0, 0, 0, 0, 0, 0, 0, 0, 0, 0, 0, 0, 0, 0, 0, 0",0,1,0,,2870,2870
58,3550,132.2307061,4,-256.2828408,"0.0591865733069159, 0.0597541352200692, 0.0604627062212042, 0.0612828120220999, 0.0631537646824822, 0.065870967112545, 0.0689350544643763, 0.0721373863537276, 0.0760564082066068, 0.0796048074874243, 0.0828188908799392, 0.0865395453019818, 0.089923704627328, 0.0913483756379243, 0.0916594446869396, 0.091031646304413, 0.0919973770633303, 0.0943833973684937, 0.0978082048501768, 0.101000365486211, 0.104991855238212, 0.110529357686374, 0.117391675698057, 0.125692304174865, 0.135527473120044, 0.141616338436319, 0.145373419097893","0.0103272296174589, 0.013114304668397, 0.0146066951089988, 0.0154690638445108, 0.0159731335237484, 0.0162533080697073, 0.0163780453471093, 0.0163765423956869, 0.0163710149348897, 0.0162376246318973, 0.0161884519686371, 0.0160898820831643, 0.0159174271233587, 0.0158661815443433, 0.0158030122241027, 0.0157108490146083, 0.0156825679025382, 0.0157101494084196, 0.0156832894035387, 0.0157124975434465, 0.0158060541613245, 0.0159901522185237, 0.0163149202618786, 0.0168645416005125, 0.0177705623130787, 0.01909365200249, 0.0210644479147358",0,0,1,,2911,2911
59,3555,64.06972848,4,-118.7108855,"0.0673189312752263, 0.0673189312752263, 0.0673189312752263, 0.0673189312752263, 0.0673189312752263, 0.0673189312752263, 0.0673189312752263, 0.0673189312752263, 0.0673189312752263, 0.0673189312752263, 0.0673189312752263, 0.0673189312752263, 0.0673189312752263, 0.0673189312752263, 0.0673189312752263, 0.0673189312752263, 0.0673189312752263, 0.0673189312752263, 0.0673189312752263, 0.0673189312752263, 0.0673189312752263","0, 0, 0, 0, 0, 0, 0, 0, 0, 0, 0, 0, 0, 0, 0, 0, 0, 0, 0, 0, 0",0,1,0,,2990,2990
60,3559,412.947015,4,-817.6123399,"0.0255780756931794, 0.0255780756931794, 0.0255780756931794, 0.0255780756931794, 0.0255780756931794, 0.0255780756931794, 0.0255780756931794, 0.0255780756931794, 0.0255780756931794, 0.0255780756931794, 0.0255780756931794, 0.0255780756931794, 0.0255780756931794, 0.0255780756931794, 0.0255780756931794, 0.0255780756931794, 0.0255780756931794, 0.0255780756931794, 0.0255780756931794, 0.0255780756931794, 0.0255780756931794, 0.0255780756931794, 0.0255780756931794, 0.0255780756931794, 0.0255780756931794, 0.0255780756931794, 0.0255780756931794","0, 0, 0, 0, 0, 0, 0, 0, 0, 0, 0, 0, 0, 0, 0, 0, 0, 0, 0, 0, 0, 0, 0, 0, 0, 0, 0",0,1,0,,3081,3081
61,3561,NA,NA,NA,NA,NA,NA,0,0,,3089,3089
62,3567,NA,NA,NA,NA,NA,NA,0,0,,3241,#N/A
63,3569,516.8743711,4,-1025.603815,"0.0388717644697203, 0.0391565480993041, 0.040019226110211, 0.0412919556143469, 0.041774861631559, 0.0402778197116074, 0.0379423574280561, 0.0359673520482101, 0.0348561996152801, 0.0336104139846751, 0.0325751583217072, 0.031831290968358, 0.0319812617971307, 0.0331250947133737, 0.035731186006069, 0.0395600329735468, 0.0440353532241226, 0.0494121799868662, 0.0549161429768413, 0.0560820910145473, 0.0558709002795, 0.0533106292617359, 0.0491723750326461, 0.0450506408168514, 0.0416082567325794, 0.0397881480876589, 0.0388824925880096","0.00430731283477851, 0.00485925846540631, 0.00503521128211566, 0.00509241321452761, 0.00510568921805809, 0.00509188133041517, 0.00515409383998366, 0.0052488135789131, 0.0053649634241946, 0.0053809211088733, 0.00543751807960869, 0.00546661625780647, 0.00549641513864092, 0.00555518414832905, 0.00557044175310191, 0.00555582173192537, 0.00562509843546802, 0.00571194387757751, 0.00575982948891373, 0.00580660919497929, 0.0058881310325182, 0.00606438750612202, 0.00618770002860988, 0.00633300514230033, 0.00658208003400994, 0.0070614188109378, 0.0079775417088002",0,0,1,,3250,3250
64,3570,57.78689899,4,-107.1777584,"0.0765692016242733, 0.0765692016242733, 0.0765692016242733, 0.0765692016242733, 0.0765692016242733, 0.0765692016242733, 0.0765692016242733, 0.0765692016242733, 0.0765692016242733, 0.0765692016242733, 0.0765692016242733, 0.0765692016242733, 0.0765692016242733, 0.0765692016242733, 0.0765692016242733, 0.0765692016242733, 0.0765692016242733, 0.0765692016242733, 0.0765692016242733, 0.0765692016242733, 0.0765692016242733, 0.0765692016242733, 0.0765692016242733, 0.0765692016242733, 0.0765692016242733, 0.0765692016242733, 0.0765692016242733","0, 0, 0, 0, 0, 0, 0, 0, 0, 0, 0, 0, 0, 0, 0, 0, 0, 0, 0, 0, 0, 0, 0, 0, 0, 0, 0",0,1,0,,3270,3270
65,3571,326.0844417,4,-644.0144433,"0.0726613905671004, 0.0731784784514841, 0.0740529240374258, 0.0752346611333231, 0.0763628674909657, 0.0772146522275565, 0.0778443009227263, 0.0778616872733332, 0.0778530023707672, 0.0777662123309061, 0.0774906968430247, 0.0774936330548018, 0.0777940761743504, 0.0784569999775509, 0.0794477677247613, 0.0807253880872072, 0.0823932792302264, 0.0843937773018953, 0.0865261291811008, 0.08877644297086, 0.0904619422545096, 0.0920204320711658, 0.0931665718081041, 0.0932100239419018, 0.0928062994670216, 0.0926323120931585, 0.0925406436725718","0.003452186325686, 0.00453262884026582, 0.00514506790509007, 0.00551680057175137, 0.00574289330775526, 0.00586265941241381, 0.0059456527064634, 0.00600462666102401, 0.00604829708102381, 0.00608294282837509, 0.00611344349798905, 0.00614402279911899, 0.0061788494830405, 0.00622259327463908, 0.0062810054876207, 0.00634347722706909, 0.00641762997236335, 0.00651221703804088, 0.00663797084497905, 0.00680846663608539, 0.0070019084582804, 0.00723546489137008, 0.0075074352615568, 0.00783721595682089, 0.00824593213990572, 0.00873333584047976, 0.00932257228200319",0,0,1,,3281,#N/A
66,3572,NA,NA,NA,NA,NA,NA,0,0,,3312,3312
67,3580,204.5053934,4,-400.8398467,"0.068827451122641, 0.068827451122641, 0.068827451122641, 0.068827451122641, 0.068827451122641, 0.068827451122641, 0.068827451122641, 0.068827451122641, 0.068827451122641, 0.068827451122641, 0.068827451122641, 0.068827451122641, 0.068827451122641, 0.068827451122641, 0.068827451122641, 0.068827451122641, 0.068827451122641, 0.068827451122641, 0.068827451122641, 0.068827451122641, 0.068827451122641, 0.068827451122641, 0.068827451122641, 0.068827451122641, 0.068827451122641, 0.068827451122641, 0.068827451122641","0, 0, 0, 0, 0, 0, 0, 0, 0, 0, 0, 0, 0, 0, 0, 0, 0, 0, 0, 0, 0, 0, 0, 0, 0, 0, 0",0,1,0,,3317,3317
68,3585,178.006608,4,-347.2289023,"0.0207242054538588, 0.0207242054538588, 0.0207242054538588, 0.0207242054538588, 0.0207242054538588, 0.0207242054538588, 0.0207242054538588, 0.0207242054538588, 0.0207242054538588, 0.0207242054538588, 0.0207242054538588, 0.0207242054538588, 0.0207242054538588, 0.0207242054538588, 0.0207242054538588, 0.0207242054538588, 0.0207242054538588, 0.0207242054538588, 0.0207242054538588, 0.0207242054538588, 0.0207242054538588, 0.0207242054538588, 0.0207242054538588, 0.0207242054538588, 0.0207242054538588, 0.0207242054538588, 0.0207242054538588","0, 0, 0, 0, 0, 0, 0, 0, 0, 0, 0, 0, 0, 0, 0, 0, 0, 0, 0, 0, 0, 0, 0, 0, 0, 0, 0",0,1,0,,3360,3360
69,3590,133.058677,4,-257.5768134,"0.0533181968558471, 0.0544755110065491, 0.0565224713996506, 0.0572802265281132, 0.0580161836945069, 0.0576699255412042, 0.0580276075288483, 0.0609883933640308, 0.0652240529630296, 0.0708837939820029, 0.0745662196358338, 0.0769987625716546, 0.077763105793689, 0.079097513010508, 0.0810942832533099, 0.0813319345468582, 0.0814790592933544, 0.0838352451798126, 0.0871834516772268, 0.0902334726821048, 0.090876848841375, 0.0862755605961062, 0.0819303980964753, 0.0775742457666894, 0.0736153020982652, 0.0711811398383894, 0.0701978796687344","0.00650742669102404, 0.00826302885433585, 0.00923504507793939, 0.00986362386909852, 0.0103469323937483, 0.0105072999042097, 0.0103781847935879, 0.0102365891427001, 0.0100485744998041, 0.00976658382708332, 0.00960152884807047, 0.00950109190515628, 0.00943199526793269, 0.00937066575459293, 0.00929569258200539, 0.00918025050533319, 0.00898155259939357, 0.00889013361557412, 0.0088663445858476, 0.00889964393496966, 0.00900476111895629, 0.00895857589174181, 0.00900999700442831, 0.00918092554427802, 0.00954133950159665, 0.0102262726045192, 0.0114557858639603",0,0,1,,3390,3390
70,3630,162.2751838,4,-315.8230949,"0.0199498505805421, 0.0200802433898772, 0.0201409460568272, 0.0202895815810081, 0.0207941673452465, 0.0215926627163899, 0.022596139647365, 0.0234725861964501, 0.0239782948063916, 0.0243852529334016, 0.0249726643029098, 0.0258128489387557, 0.0271142940937897, 0.0285696090320436, 0.0304894135239856, 0.0324221158213224, 0.033859834644997, 0.0350349703383457, 0.0369494747701996, 0.0390384463775096, 0.0407857691286965, 0.0417013470066789, 0.0419518597886642, 0.0420922538349956, 0.0423030250501525, 0.0424737970879481, 0.0428741410914142","0.00252122693565132, 0.00317683196170425, 0.00350523363608342, 0.00368428910032931, 0.00378500675381262, 0.00384199809860573, 0.00387345186703949, 0.00388901686143996, 0.00389337081548558, 0.00388781102722958, 0.0038706800511923, 0.00383682065336524, 0.00377580960487866, 0.00366804716558267, 0.00361270202932514, 0.00358771074304801, 0.00358274169735436, 0.00359571192842136, 0.0036320381824317, 0.00370655133769058, 0.00384821101342763, 0.00396597033615508, 0.00409451372061848, 0.00426808384158463, 0.00452801325277134, 0.00492797217885163, 0.00553674825994202",0,0,1,,3412,#N/A
71,3640,139.9409814,4,-271.0308991,"0.0350845860588802, 0.0350845860588802, 0.0350845860588802, 0.0350845860588802, 0.0350845860588802, 0.0350845860588802, 0.0350845860588802, 0.0350845860588802, 0.0350845860588802, 0.0350845860588802, 0.0350845860588802, 0.0350845860588802, 0.0350845860588802, 0.0350845860588802, 0.0350845860588802, 0.0350845860588802, 0.0350845860588802, 0.0350845860588802, 0.0350845860588802, 0.0350845860588802, 0.0350845860588802, 0.0350845860588802, 0.0350845860588802, 0.0350845860588802, 0.0350845860588802, 0.0350845860588802, 0.0350845860588802","0, 0, 0, 0, 0, 0, 0, 0, 0, 0, 0, 0, 0, 0, 0, 0, 0, 0, 0, 0, 0, 0, 0, 0, 0, 0, 0",0,1,0,,3420,3420
72,3678,60.66182917,4,-112.0736583,"0.077256896746376, 0.077256896746376, 0.077256896746376, 0.077256896746376, 0.077256896746376, 0.077256896746376, 0.077256896746376, 0.077256896746376, 0.077256896746376, 0.077256896746376, 0.077256896746376, 0.077256896746376, 0.077256896746376, 0.077256896746376, 0.077256896746376, 0.077256896746376, 0.077256896746376, 0.077256896746376, 0.077256896746376, 0.077256896746376, 0.077256896746376, 0.077256896746376, 0.077256896746376, 0.077256896746376, 0.077256896746376, 0.077256896746376","0, 0, 0, 0, 0, 0, 0, 0, 0, 0, 0, 0, 0, 0, 0, 0, 0, 0, 0, 0, 0, 0, 0, 0, 0, 0",0,1,0,,3430,3430
73,3716,NA,NA,NA,NA,NA,NA,0,0,,3433,3433
74,3720,NA,NA,NA,NA,NA,NA,0,0,,3442,3442
75,3728,19.19413009,4,-27.72159352,"0.204108383024115, 0.170492743121525, 0.127533255150126, 0.104947961921569, 0.0816701333083567, 0.0479493939552389, 0.0300211105757721, 0.0186404547837584, 0.0116565781518339, 0.00738370254153868, 0.00479043512166638, 0.00325080929028455, 0.00239318796032211, 0.00201055726751365","0.0286609556852452, 0.030518800612128, 0.0309800229541651, 0.0311115492751884, 0.0312020963402543, 0.0314467705768009, 0.032358722306005, 0.0356939449030714, 0.0369242885717259, 0.0375045868599381, 0.0380506115929471, 0.0391076028561114, 0.0416504085851419, 0.0476879675583828",0,0,1,,3444,3444
76,3760,NA,NA,NA,NA,NA,NA,0,0,,3451,3451
77,3790,70.17341459,4,-130.241566,"0.0129217485152378, 0.0129217485152378, 0.0129217485152378, 0.0129217485152378, 0.0129217485152378, 0.0129217485152378, 0.0129217485152378, 0.0129217485152378, 0.0129217485152378, 0.0129217485152378, 0.0129217485152378, 0.0129217485152378, 0.0129217485152378, 0.0129217485152378, 0.0129217485152378, 0.0129217485152378, 0.0129217485152378, 0.0129217485152378","0, 0, 0, 0, 0, 0, 0, 0, 0, 0, 0, 0, 0, 0, 0, 0, 0, 0",0,1,0,,3452,3452
78,3812,7.497143715,4,-6.82261361,"0.0812564827969861, 0.0822133888719231, 0.084019577955412, 0.0872533360838363, 0.0920389138330099, 0.0976269791684993, 0.104756383824377, 0.113505253739831, 0.121939702138225, 0.129256072668149, 0.13470935124073, 0.136582498924877, 0.141571426109316, 0.150337921880763, 0.161585513990143, 0.17830902432071, 0.205565340177404, 0.223290037695256, 0.229326733140339, 0.23744971752011, 0.207313072269897, 0.179842518893894, 0.15301138981435, 0.136944395814384, 0.133673950493635, 0.141098211242425, 0.143275993304359","0.027237985063949, 0.0344256888759772, 0.0373176860034937, 0.0380254476088202, 0.0382381614709481, 0.0380409257510699, 0.0380584830792964, 0.0375946346460835, 0.0364583932056586, 0.0355093354363784, 0.0349281436686254, 0.0343880192613061, 0.0342187129199781, 0.0343144021466187, 0.0334358408157033, 0.0329423174689853, 0.0318498575599399, 0.0311749372336715, 0.0303274995219568, 0.0302954749827337, 0.0304506237786025, 0.0309498228625831, 0.0310723579266823, 0.031538227480914, 0.0333735119568633, 0.0361647689507442, 0.0416476704583661",0,0,1,,3523,3523
79,3824,37.14384474,4,-64.95435614,"0.0474443681772771, 0.0475419119471007, 0.0475392688839201, 0.0473697999459512, 0.0471441201277512, 0.0471990529649661, 0.0480277264065906, 0.0497021596472872, 0.0522172462665972, 0.0559384471135688, 0.0616084923682341, 0.0700558219423294, 0.0804217347215953, 0.0920638268001267, 0.100265422493416, 0.110874902995107, 0.118639882643723, 0.119354331488615, 0.117479969229371, 0.117686029069326, 0.119104221349039, 0.120281562146575, 0.121842629363773, 0.123202859087157","0.0136477074786908, 0.0176650551114298, 0.0199063181951874, 0.0212489869638812, 0.0220481498735735, 0.0224779617492896, 0.0226231107750967, 0.022510941774866, 0.0221203765074567, 0.0213750968426329, 0.0209359754141104, 0.0206868040982099, 0.0205581990502524, 0.0205132970267119, 0.0205390517634086, 0.0206429575602241, 0.0208549442136746, 0.0212346040299707, 0.0218840431694521, 0.0229656278325494, 0.0247210163344953, 0.0265523660730067, 0.0286916476438518, 0.0313594093026657",0,0,1,,3550,3550
80,3843,NA,NA,NA,NA,NA,NA,0,0,,3555,3555
81,3844,65.59244021,4,-120.8319392,"0.0270727822340857, 0.0207800917104662, 0.018788937425041, 0.021350361173171, 0.0219675599805192, 0.028803939796164, 0.0333797829214176, 0.0382426288670798, 0.024074785668176, 0.0160375711949321, 0.013429431076129, 0.0108212909573259, 0.00821315083852288, 0.00560501071971981, 0.00299687060091675, 0.00038873048211369, -5.20254951877145e-05, -0.000126144097845023, -0.000136443304451135, -0.000125001416724625, -4.50716101382098e-05, 0.000429906271490884, 0.0032404955528151, 0.0198696024721045, 0.0315762604633727, 0.0536154701436245, 0.0393131198342616","0.00406766816625328, 0.00412535897732603, 0.0041269951652671, 0.00412704189636338, 0.00412704323633466, 0.00412704345055424, 0.00412704961562565, 0.00412726538497082, 0.004134811466341, 0.00439080266648411, 0.0097815479897501, 0.0118961506752248, 0.0125219130923197, 0.0118961506752248, 0.0097815479897501, 0.00439080266648411, 0.00413481146634103, 0.00412726538497175, 0.00412704961565783, 0.00412704345168108, 0.00412704327578047, 0.00412704327719574, 0.00412704350267954, 0.00412705140093848, 0.0041273278764216, 0.00413699447740585, 0.0044622038622016",0,0,1,,3559,3559
82,3942,125.2615522,4,-241.5474946,"0.0147958189061735, 0.0147958189061735, 0.0147958189061735, 0.0147958189061735, 0.0147958189061735, 0.0147958189061735, 0.0147958189061735, 0.0147958189061735, 0.0147958189061735, 0.0147958189061735, 0.0147958189061735, 0.0147958189061735, 0.0147958189061735, 0.0147958189061735, 0.0147958189061735, 0.0147958189061735, 0.0147958189061735, 0.0147958189061735, 0.0147958189061735, 0.0147958189061735, 0.0147958189061735, 0.0147958189061735, 0.0147958189061735, 0.0147958189061735, 0.0147958189061735, 0.0147958189061735","0, 0, 0, 0, 0, 0, 0, 0, 0, 0, 0, 0, 0, 0, 0, 0, 0, 0, 0, 0, 0, 0, 0, 0, 0, 0",0,1,0,,3561,3561
83,3949,54.83105256,4,-98.99543845,"0.0327592763297247, 0.0327592763297247, 0.0327592763297247, 0.0327592763297247, 0.0327592763297247, 0.0327592763297247, 0.0327592763297247, 0.0327592763297247, 0.0327592763297247, 0.0327592763297247, 0.0327592763297247, 0.0327592763297247, 0.0327592763297247, 0.0327592763297247, 0.0327592763297247, 0.0327592763297247, 0.0327592763297247, 0.0327592763297247, 0.0327592763297247, 0.0327592763297247, 0.0327592763297247, 0.0327592763297247, 0.0327592763297247, 0.0327592763297247","0, 0, 0, 0, 0, 0, 0, 0, 0, 0, 0, 0, 0, 0, 0, 0, 0, 0, 0, 0, 0, 0, 0, 0",0,1,0,,3567,3567
84,3960,-133.5100532,4,275.7218608,"0.243371478446941, 0.243393834961966, 0.243438325835848, 0.243503780049437, 0.2436096072109, 0.243756436752286, 0.243944520364918, 0.244172970982386, 0.244439198237786, 0.244770675357996, 0.245192884744588, 0.245682487675406, 0.246136401774629, 0.246649815321134, 0.247098407848324, 0.246873277098509, 0.24660007343841, 0.246393223280727, 0.246209453135751, 0.246049216578015, 0.245936630610034, 0.245837897747986, 0.245752719753606, 0.245682838544358, 0.245628662447919, 0.245588264501156, 0.245565803052804","0.0143150770953153, 0.0202163533701162, 0.0247260408802027, 0.0285129487970535, 0.0318380117685667, 0.0348348285754672, 0.0375830113068982, 0.0401346071379749, 0.0425259002398743, 0.0447854275559191, 0.0469355388992022, 0.048989943473549, 0.050961315277614, 0.0528624161266061, 0.0547019389808358, 0.056487226056372, 0.0582245570469834, 0.059919362468607, 0.0615763846544557, 0.0631939729527914, 0.0647786619925036, 0.0663275464671654, 0.0678433619377256, 0.0693285551067224, 0.0707853258555981, 0.0722156617068278, 0.073621366317116",10,0,0,,3569,3569
,,,,,,,,,,,3570,3570
,,,,,,,,,,,3571,3571
,,,,,,,,,,,3572,3572
,,,,,,,,,,,3580,3580
,,,,,,,,,,,3585,3585
,,,,,,,,,,,3590,3590
,,,,,,,,,,,3630,3630
,,,,,,,,,,,3640,3640
,,,,,,,,,,,3678,3678
,,,,,,,,,,,3716,3716
,,,,,,,,,,,3720,3720
,,,,,,,,,,,3728,3728
,,,,,,,,,,,3760,3760
,,,,,,,,,,,3790,3790
,,,,,,,,,,,3812,3812
,,,,,,,,,,,3824,3824
,,,,,,,,,,,3843,3843
,,,,,,,,,,,3844,3844
,,,,,,,,,,,3910,#N/A
,,,,,,,,,,,3911,#N/A
,,,,,,,,,,,3931,#N/A
,,,,,,,,,,,3942,3942
,,,,,,,,,,,3949,3949
,,,,,,,,,,,3960,3960
,,,,,,,,,,,4011,#N/A
,,,,,,,,,,,4013,#N/A
,,,,,,,,,,,4100,#N/A
,,,,,,,,,,,4210,#N/A
,,,,,,,,,,,4213,#N/A
,,,,,,,,,,,4220,#N/A
,,,,,,,,,,,4222,#N/A
,,,,,,,,,,,4400,#N/A
,,,,,,,,,,,4412,#N/A
,,,,,,,,,,,4512,#N/A
,,,,,,,,,,,4513,#N/A
,,,,,,,,,,,4522,#N/A
,,,,,,,,,,,4581,#N/A
,,,,,,,,,,,4610,#N/A
,,,,,,,,,,,4731,#N/A
,,,,,,,,,,,4832,#N/A
,,,,,,,,,,,4833,#N/A
,,,,,,,,,,,4841,#N/A
,,,,,,,,,,,4899,#N/A
,,,,,,,,,,,5000,#N/A
,,,,,,,,,,,5010,#N/A
,,,,,,,,,,,5013,#N/A
,,,,,,,,,,,5020,#N/A
,,,,,,,,,,,5030,#N/A
,,,,,,,,,,,5031,#N/A
,,,,,,,,,,,5047,#N/A
,,,,,,,,,,,5050,#N/A
,,,,,,,,,,,5051,#N/A
,,,,,,,,,,,5072,#N/A
,,,,,,,,,,,5082,#N/A
,,,,,,,,,,,5094,#N/A
,,,,,,,,,,,5099,#N/A
,,,,,,,,,,,5122,#N/A
,,,,,,,,,,,5130,#N/A
,,,,,,,,,,,5140,#N/A
,,,,,,,,,,,5141,#N/A
,,,,,,,,,,,5150,#N/A
,,,,,,,,,,,5171,#N/A
,,,,,,,,,,,5172,#N/A
,,,,,,,,,,,5180,#N/A
,,,,,,,,,,,5200,#N/A
,,,,,,,,,,,5211,#N/A
,,,,,,,,,,,5271,#N/A
,,,,,,,,,,,5311,#N/A
,,,,,,,,,,,5331,#N/A
,,,,,,,,,,,5399,#N/A
,,,,,,,,,,,5400,#N/A
,,,,,,,,,,,5411,#N/A
,,,,,,,,,,,5412,#N/A
,,,,,,,,,,,5500,#N/A
,,,,,,,,,,,5531,#N/A
,,,,,,,,,,,5600,#N/A
,,,,,,,,,,,5621,#N/A
,,,,,,,,,,,5651,#N/A
,,,,,,,,,,,5661,#N/A
,,,,,,,,,,,5700,#N/A
,,,,,,,,,,,5712,#N/A
,,,,,,,,,,,5731,#N/A
,,,,,,,,,,,5735,#N/A
,,,,,,,,,,,5810,#N/A
,,,,,,,,,,,5812,#N/A
,,,,,,,,,,,5900,#N/A
,,,,,,,,,,,5912,#N/A
,,,,,,,,,,,5940,#N/A
,,,,,,,,,,,5944,#N/A
,,,,,,,,,,,5945,#N/A
,,,,,,,,,,,5960,#N/A
,,,,,,,,,,,5990,#N/A
,,,,,,,,,,,7000,#N/A
,,,,,,,,,,,7011,#N/A
,,,,,,,,,,,7200,#N/A
,,,,,,,,,,,7311,#N/A
,,,,,,,,,,,7330,#N/A
,,,,,,,,,,,7331,#N/A
,,,,,,,,,,,7340,#N/A
,,,,,,,,,,,7350,#N/A
,,,,,,,,,,,7361,#N/A
,,,,,,,,,,,7363,#N/A
,,,,,,,,,,,7372,#N/A
,,,,,,,,,,,7377,#N/A
,,,,,,,,,,,7385,#N/A
,,,,,,,,,,,7389,#N/A
,,,,,,,,,,,7500,#N/A
,,,,,,,,,,,7510,#N/A
,,,,,,,,,,,7600,#N/A
,,,,,,,,,,,7812,#N/A
,,,,,,,,,,,7819,#N/A
,,,,,,,,,,,7822,#N/A
,,,,,,,,,,,7829,#N/A
,,,,,,,,,,,7830,#N/A
,,,,,,,,,,,7841,#N/A
,,,,,,,,,,,7900,#N/A
,,,,,,,,,,,7948,#N/A
,,,,,,,,,,,7990,#N/A
,,,,,,,,,,,7996,#N/A
,,,,,,,,,,,7997,#N/A
,,,,,,,,,,,8000,#N/A
,,,,,,,,,,,8050,#N/A
,,,,,,,,,,,8051,#N/A
,,,,,,,,,,,8060,#N/A
,,,,,,,,,,,8062,#N/A
,,,,,,,,,,,8093,#N/A
,,,,,,,,,,,8111,#N/A
,,,,,,,,,,,8200,#N/A
,,,,,,,,,,,8300,#N/A
,,,,,,,,,,,8351,#N/A
,,,,,,,,,,,8400,#N/A
,,,,,,,,,,,8600,#N/A
,,,,,,,,,,,8711,#N/A
,,,,,,,,,,,8721,#N/A
,,,,,,,,,,,8734,#N/A
,,,,,,,,,,,8741,#N/A
,,,,,,,,,,,8742,#N/A
,,,,,,,,,,,8744,#N/A
,,,,,,,,,,,8900,#N/A
