industryName,datayear,state,se
800,1994,0.006314224,0.001698152
800,1995,0.006315805,0.002238858
800,1996,0.006317385,0.002527112
800,1997,0.006318966,0.002646725
800,1998,0.006320547,0.002620888
800,1999,0.00644664,0.002672374
800,2000,0.006572734,0.002582672
800,2001,0.006698827,0.00233557
800,2002,0.006821918,0.002078525
800,2003,0.006916966,0.0018871
800,2004,0.007169939,0.001804205
800,2005,0.007674717,0.001753057
800,2006,0.008599363,0.00167917
800,2007,0.009700394,0.001656887
800,2008,0.010977466,0.001655741
800,2009,0.012114554,0.001674118
800,2010,0.011876882,0.001737337
800,2011,0.011163792,0.001760164
800,2012,0.010733068,0.001768627
800,2013,0.011087707,0.001772021
800,2014,0.011913371,0.001774021
800,2015,0.011751424,0.001776779
800,2016,0.011016767,0.001783248
800,2017,0.009913202,0.001800279
800,2018,0.008436591,0.001845447
800,2019,0.006103075,0.00196242
800,2020,0.005084629,0.002248622
1040,1980,NA,NA
1040,1981,NA,NA
1040,1982,NA,NA
1040,1983,NA,NA
1040,1984,NA,NA
1040,1985,NA,NA
1040,1986,NA,NA
1040,1987,NA,NA
1040,1988,NA,NA
1040,1989,NA,NA
1040,1990,NA,NA
1040,1991,NA,NA
1040,1992,NA,NA
1040,1993,NA,NA
1040,1994,NA,NA
1040,1995,NA,NA
1040,1996,NA,NA
1040,1997,NA,NA
1040,1998,NA,NA
1040,1999,NA,NA
1040,2000,NA,NA
1090,1988,NA,NA
1090,1989,NA,NA
1090,1990,NA,NA
1090,1991,NA,NA
1090,1992,NA,NA
1090,1993,NA,NA
1090,1994,NA,NA
1090,1995,NA,NA
1090,1996,NA,NA
1090,1997,NA,NA
1090,1998,NA,NA
1090,1999,NA,NA
1090,2000,NA,NA
1090,2001,NA,NA
1090,2002,NA,NA
1090,2003,NA,NA
1090,2004,NA,NA
1090,2005,NA,NA
1090,2006,NA,NA
1090,2007,NA,NA
1090,2008,NA,NA
1090,2009,NA,NA
1090,2010,NA,NA
1090,2011,NA,NA
1090,2012,NA,NA
1090,2013,NA,NA
1090,2014,NA,NA
1220,1993,0.016919385,0
1220,1994,0.016919385,0
1220,1995,0.016919385,0
1220,1996,0.016919385,0
1220,1997,0.016919385,0
1220,1998,0.016919385,0
1220,1999,0.016919385,0
1220,2000,0.016919385,0
1220,2001,0.016919385,0
1220,2002,0.016919385,0
1220,2003,0.016919385,0
1220,2004,0.016919385,0
1220,2005,0.016919385,0
1220,2006,0.016919385,0
1220,2007,0.016919385,0
1220,2008,0.016919385,0
1220,2009,0.016919385,0
1220,2010,0.016919385,0
1220,2011,0.016919385,0
1220,2012,0.016919385,0
1220,2013,0.016919385,0
1220,2014,0.016919385,0
1220,2015,0.016919385,0
1220,2016,0.016919385,0
1220,2017,0.016919385,0
1220,2018,0.016919385,0
1220,2019,0.016919385,0
1381,1980,0.009970223,0
1381,1981,0.009970223,0
1381,1982,0.009970223,0
1381,1983,0.009970223,0
1381,1984,0.009970223,0
1381,1985,0.009970223,0
1381,1986,0.009970223,0
1381,1987,0.009970223,0
1381,1988,0.009970223,0
1381,1989,0.009970223,0
1381,1990,0.009970223,0
1381,1991,0.009970223,0
1381,1992,0.009970223,0
1381,1993,0.009970223,0
1381,1994,0.009970223,0
1381,1995,0.009970223,0
1381,1996,0.009970223,0
1381,1997,0.009970223,0
1381,1998,0.009970223,0
1381,1999,0.009970223,0
1381,2000,0.009970223,0
1381,2001,0.009970223,0
1381,2002,0.009970223,0
1381,2003,0.009970223,0
1381,2004,0.009970223,0
1381,2005,0.009970223,0
1382,1980,NA,NA
1382,1981,NA,NA
1382,1982,NA,NA
1382,1983,NA,NA
1382,1984,NA,NA
1382,1985,NA,NA
1382,1986,NA,NA
1382,1987,NA,NA
1382,1988,NA,NA
1382,1989,NA,NA
1382,1990,NA,NA
1382,1991,NA,NA
1382,1992,NA,NA
1382,1993,NA,NA
1382,1994,NA,NA
1382,1995,NA,NA
1382,1996,NA,NA
1382,1997,NA,NA
1382,1998,NA,NA
1382,1999,NA,NA
1382,2000,NA,NA
1382,2001,NA,NA
1382,2002,NA,NA
1389,1980,NA,NA
1389,1981,NA,NA
1389,1982,NA,NA
1389,1983,NA,NA
1389,1984,NA,NA
1389,1985,NA,NA
1389,1986,NA,NA
1389,1987,NA,NA
1389,1988,NA,NA
1389,1989,NA,NA
1389,1990,NA,NA
1389,1991,NA,NA
1389,1992,NA,NA
1389,1993,NA,NA
1389,1994,NA,NA
1389,1995,NA,NA
1389,1996,NA,NA
1389,1997,NA,NA
1389,1998,NA,NA
1400,1980,0.010292732,0.002951687
1400,1981,0.013170647,0.002989811
1400,1982,0.007938532,0.002990796
1400,1983,0.008906082,0.002990821
1400,1984,0.009945058,0.002990822
1400,1985,0.022421311,0.002990822
1400,1986,0.037912485,0.002990822
1400,1987,0.024582011,0.002990822
1400,1988,0.028252041,0.002990822
1400,1989,0.026082149,0.002990811
1400,1990,0.0133567,0.002990394
1400,1991,0.007535421,0.002974327
1400,1992,0.007670294,0.002271637
1400,1993,0.006479062,0.002264448
1400,1994,0.006050945,0.002264385
1400,1995,0.004793252,0.002264384
1400,1996,0.004050331,0.002264384
1400,1997,0.004508321,0.002264392
1400,1998,0.004002577,0.002265326
1400,1999,0.004689852,0.002368478
1540,1992,0.063893219,0.004051542
1540,1993,0.058966228,0.005658349
1540,1994,0.054039236,0.006202532
1540,1995,0.049112245,0.005981511
1540,1996,0.044185253,0.00489266
1540,1997,0.038915527,0.004541872
1540,1998,0.035391634,0.004430712
1540,1999,0.03587279,0.004367131
1540,2000,0.037250165,0.004230765
1540,2001,0.038196819,0.003729708
1540,2002,0.035021064,0.003638742
1540,2003,0.028266007,0.003623231
1540,2004,0.026254999,0.003620618
1540,2005,0.026286273,0.003620179
1540,2006,0.026796035,0.003620105
1540,2007,0.027546819,0.003620095
1540,2008,0.027173675,0.003620107
1540,2009,0.025069495,0.003620189
1540,2010,0.02473869,0.003620682
1540,2011,0.025389371,0.003623609
1540,2012,0.024058627,0.003640984
1540,2013,0.022672902,0.003742705
1540,2014,0.021381491,0.00429852
1731,1980,NA,NA
1731,1981,NA,NA
1731,1982,NA,NA
1731,1983,NA,NA
1731,1984,NA,NA
1731,1985,NA,NA
1731,1986,NA,NA
1731,1987,NA,NA
1731,1988,NA,NA
1731,1989,NA,NA
1731,1990,NA,NA
1731,1991,NA,NA
1731,1992,NA,NA
1731,1993,NA,NA
1731,1994,NA,NA
1731,1995,NA,NA
1731,1996,NA,NA
1731,1997,NA,NA
1731,1998,NA,NA
1731,1999,NA,NA
1731,2000,NA,NA
1731,2001,NA,NA
1731,2002,NA,NA
1731,2003,NA,NA
1731,2004,NA,NA
1731,2005,NA,NA
1731,2006,NA,NA
2030,1980,0.033311447,0
2030,1981,0.033311447,0
2030,1982,0.033311447,0
2030,1983,0.033311447,0
2030,1984,0.033311447,0
2030,1985,0.033311447,0
2030,1986,0.033311447,0
2030,1987,0.033311447,0
2030,1988,0.033311447,0
2030,1989,0.033311447,0
2030,1990,0.033311447,0
2030,1991,0.033311447,0
2030,1992,0.033311447,0
2030,1993,0.033311447,0
2030,1994,0.033311447,0
2030,1995,0.033311447,0
2030,1996,0.033311447,0
2030,1997,0.033311447,0
2030,1998,0.033311447,0
2030,1999,0.033311447,0
2030,2000,0.033311447,0
2030,2001,0.033311447,0
2030,2002,0.033311447,0
2030,2003,0.033311447,0
2030,2004,0.033311447,0
2030,2005,0.033311447,0
2030,2006,0.033311447,0
2033,1980,NA,NA
2033,1981,NA,NA
2033,1982,NA,NA
2033,1983,NA,NA
2033,1984,NA,NA
2033,1985,NA,NA
2033,1986,NA,NA
2033,1987,NA,NA
2033,1988,NA,NA
2033,1989,NA,NA
2033,1990,NA,NA
2033,1991,NA,NA
2033,1992,NA,NA
2033,1993,NA,NA
2033,1994,NA,NA
2033,1995,NA,NA
2033,1996,NA,NA
2033,1997,NA,NA
2033,1998,NA,NA
2033,1999,NA,NA
2033,2000,NA,NA
2033,2001,NA,NA
2033,2002,NA,NA
2033,2003,NA,NA
2033,2004,NA,NA
2033,2005,NA,NA
2052,1980,NA,NA
2052,1981,NA,NA
2052,1982,NA,NA
2052,1983,NA,NA
2052,1984,NA,NA
2052,1985,NA,NA
2052,1986,NA,NA
2052,1987,NA,NA
2052,1988,NA,NA
2052,1989,NA,NA
2052,1990,NA,NA
2052,1991,NA,NA
2060,1980,0.008172216,0
2060,1981,0.008172216,0
2060,1982,0.008172216,0
2060,1983,0.008172216,0
2060,1984,0.008172216,0
2060,1985,0.008172216,0
2060,1986,0.008172216,0
2060,1987,0.008172216,0
2060,1988,0.008172216,0
2060,1989,0.008172216,0
2060,1990,0.008172216,0
2060,1991,0.008172216,0
2060,1992,0.008172216,0
2060,1993,0.008172216,0
2060,1994,0.008172216,0
2060,1995,0.008172216,0
2060,1996,0.008172216,0
2060,1997,0.008172216,0
2060,1998,0.008172216,0
2060,1999,0.008172216,0
2060,2000,0.008172216,0
2060,2001,0.008172216,0
2060,2002,0.008172216,0
2060,2003,0.008172216,0
2060,2004,0.008172216,0
2060,2005,0.008172216,0
2060,2006,0.008172216,0
2082,1980,NA,NA
2082,1981,NA,NA
2082,1982,NA,NA
2082,1983,NA,NA
2082,1984,NA,NA
2082,1985,NA,NA
2082,1986,NA,NA
2082,1987,NA,NA
2082,1988,NA,NA
2082,1989,NA,NA
2082,1990,NA,NA
2082,1991,NA,NA
2082,1992,NA,NA
2082,1993,NA,NA
2082,1994,NA,NA
2082,1995,NA,NA
2082,1996,NA,NA
2082,1997,NA,NA
2085,1995,NA,NA
2085,1996,NA,NA
2085,1997,NA,NA
2085,1998,NA,NA
2085,1999,NA,NA
2085,2000,NA,NA
2085,2001,NA,NA
2085,2002,NA,NA
2085,2003,NA,NA
2085,2004,NA,NA
2085,2005,NA,NA
2085,2006,NA,NA
2085,2007,NA,NA
2085,2008,NA,NA
2085,2009,NA,NA
2085,2010,NA,NA
2085,2011,NA,NA
2085,2012,NA,NA
2085,2013,NA,NA
2085,2014,NA,NA
2085,2015,NA,NA
2085,2016,NA,NA
2085,2017,NA,NA
2085,2018,NA,NA
2085,2019,NA,NA
2085,2020,NA,NA
2090,1980,0.007598796,0.000742135
2090,1981,0.00785159,0.000908096
2090,1982,0.007962985,0.000980217
2090,1983,0.007965814,0.001014173
2090,1984,0.007752818,0.001030642
2090,1985,0.007548533,0.001038735
2090,1986,0.007422781,0.001042738
2090,1987,0.007410075,0.001044726
2090,1988,0.007442976,0.00104572
2090,1989,0.007636414,0.001046228
2090,1990,0.008128454,0.001046509
2090,1991,0.008983745,0.001046705
2090,1992,0.009649946,0.001046916
2090,1993,0.009937961,0.001047249
2090,1994,0.010348278,0.001047872
2090,1995,0.010556073,0.001049103
2090,1996,0.010935486,0.001051563
2090,1997,0.011611705,0.001056487
2090,1998,0.012390349,0.001066317
2090,1999,0.012796891,0.001085815
2090,2000,0.012975351,0.001124001
2090,2001,0.012986671,0.001197111
2090,2002,0.013065915,0.001255948
2090,2003,0.013013084,0.001316246
2090,2004,0.012860791,0.001391831
2090,2005,0.012627411,0.001497572
2090,2006,0.012488603,0.001650929
2092,1980,0.014781486,0.000971391
2092,1981,0.014882125,0.001219601
2092,1982,0.0150473,0.001341216
2092,1983,0.015225995,0.001404903
2092,1984,0.015212348,0.001437336
2092,1985,0.015080033,0.001450441
2092,1986,0.014684562,0.001448771
2092,1987,0.014291643,0.001431752
2092,1988,0.013661503,0.00139342
2092,1989,0.012756871,0.001319367
2092,1990,0.012079343,0.001283723
2092,1991,0.011845258,0.001266923
2092,1992,0.012017646,0.001259092
2092,1993,0.012464689,0.001255466
2092,1994,0.013026344,0.001253805
2092,1995,0.013685981,0.001253073
2092,1996,0.014335877,0.001252815
2092,1997,0.015079154,0.001252868
2092,1998,0.015617177,0.001253265
2092,1999,0.016084988,0.001254255
2092,2000,0.016281198,0.001256457
2092,2001,0.016056965,0.001261237
2092,2002,0.015778581,0.001271539
2092,2003,0.015331748,0.001293569
2092,2004,0.014784937,0.001340027
2092,2005,0.014145607,0.001435472
2092,2006,0.01375232,0.001623002
2111,1980,NA,NA
2111,1981,NA,NA
2111,1982,NA,NA
2111,1983,NA,NA
2111,1984,NA,NA
2111,1985,NA,NA
2111,1986,NA,NA
2111,1987,NA,NA
2111,1988,NA,NA
2111,1989,NA,NA
2111,1990,NA,NA
2111,1991,NA,NA
2111,1992,NA,NA
2111,1993,NA,NA
2111,1994,NA,NA
2111,1995,NA,NA
2111,1996,NA,NA
2111,1997,NA,NA
2111,1998,NA,NA
2111,1999,NA,NA
2111,2000,NA,NA
2111,2001,NA,NA
2111,2002,NA,NA
2111,2003,NA,NA
2111,2004,NA,NA
2111,2005,NA,NA
2111,2006,NA,NA
2200,1980,NA,NA
2200,1981,NA,NA
2200,1982,NA,NA
2200,1983,NA,NA
2200,1984,NA,NA
2200,1985,NA,NA
2200,1986,NA,NA
2200,1987,NA,NA
2200,1988,NA,NA
2200,1989,NA,NA
2200,1990,NA,NA
2200,1991,NA,NA
2200,1992,NA,NA
2200,1993,NA,NA
2200,1994,NA,NA
2200,1995,NA,NA
2200,1996,NA,NA
2200,1997,NA,NA
2200,1998,NA,NA
2200,1999,NA,NA
2200,2000,NA,NA
2200,2001,NA,NA
2200,2002,NA,NA
2200,2003,NA,NA
2200,2004,NA,NA
2200,2005,NA,NA
2200,2006,NA,NA
2273,1980,NA,NA
2273,1981,NA,NA
2273,1982,NA,NA
2273,1983,NA,NA
2273,1984,NA,NA
2273,1985,NA,NA
2273,1986,NA,NA
2273,1987,NA,NA
2273,1988,NA,NA
2273,1989,NA,NA
2273,1990,NA,NA
2273,1991,NA,NA
2273,1992,NA,NA
2273,1993,NA,NA
2273,1994,NA,NA
2273,1995,NA,NA
2273,1996,NA,NA
2273,1997,NA,NA
2273,1998,NA,NA
2273,1999,NA,NA
2273,2000,NA,NA
2273,2001,NA,NA
2273,2002,NA,NA
2273,2003,NA,NA
2273,2004,NA,NA
2273,2005,NA,NA
2300,1980,0.065327938,0.005192106
2300,1981,0.06519095,0.006261956
2300,1982,0.063819921,0.006550561
2300,1983,0.061615541,0.006317141
2300,1984,0.059658431,0.006227012
2300,1985,0.058619191,0.006192755
2300,1986,0.059548741,0.006179835
2300,1987,0.061733684,0.006175032
2300,1988,0.063064955,0.006173402
2300,1989,0.06203018,0.006173264
2300,1990,0.061456815,0.006174475
2300,1991,0.063445716,0.006178285
2300,1992,0.068023601,0.006188618
2300,1993,0.07408759,0.006216069
2300,1994,0.07907129,0.006288441
2300,1995,0.078756525,0.006476785
2300,1996,0.07608615,0.006952391
2300,1997,0.074276327,0.007180095
2300,1998,0.071619435,0.007295011
2300,1999,0.069688091,0.007359379
2300,2000,0.068603003,0.007406539
2300,2001,0.064960206,0.007460269
2300,2002,0.060050307,0.007547021
2300,2003,0.055677285,0.00770816
2300,2004,0.051607875,0.008016445
2300,2005,0.048456821,0.008598396
2300,2006,0.046636409,0.009657817
2340,1980,0.013544549,0.007635483
2340,1981,0.013703695,0.009677338
2340,1982,0.014085808,0.010680274
2340,1983,0.014629761,0.011237762
2340,1984,0.015275502,0.011546899
2340,1985,0.016044684,0.0117022
2340,1986,0.016936486,0.011747865
2340,1987,0.017850856,0.01181989
2340,1988,0.019009287,0.011938387
2340,1989,0.020218651,0.01201055
2340,1990,0.021556045,0.012054959
2340,1991,0.023113915,0.012082865
2340,1992,0.024899455,0.012101272
2340,1993,0.026917133,0.012114767
2340,1994,0.029184386,0.012126701
2340,1995,0.031942462,0.012140026
2340,1996,0.035430264,0.012158028
2340,1997,0.039821538,0.012185128
2340,1998,0.045264843,0.01222794
2340,1999,0.051938973,0.012296818
2340,2000,0.060432185,0.012408177
2340,2001,0.064642103,0.012587952
2340,2002,0.067818273,0.012876506
2340,2003,0.069740801,0.013335078
2340,2004,0.069893921,0.014053104
2340,2005,0.068376481,0.015154728
2340,2006,0.068151035,0.016802153
2400,1980,0.052105706,0
2400,1981,0.052105706,0
2400,1982,0.052105706,0
2400,1983,0.052105706,0
2400,1984,0.052105706,0
2400,1985,0.052105706,0
2400,1986,0.052105706,0
2400,1987,0.052105706,0
2400,1988,0.052105706,0
2400,1989,0.052105706,0
2400,1990,0.052105706,0
2400,1991,0.052105706,0
2400,1992,0.052105706,0
2400,1993,0.052105706,0
2400,1994,0.052105706,0
2400,1995,0.052105706,0
2400,1996,0.052105706,0
2400,1997,0.052105706,0
2400,1998,0.052105706,0
2400,1999,0.052105706,0
2400,2000,0.052105706,0
2400,2001,0.052105706,0
2400,2002,0.052105706,0
2400,2003,0.052105706,0
2400,2004,0.052105706,0
2400,2005,0.052105706,0
2400,2006,0.052105706,0
2430,1980,0.569654004,0.052474216
2430,1981,0.569928863,0.074070112
2430,1982,0.570465626,0.090554812
2430,1983,0.571353267,0.104386633
2430,1984,0.572594175,0.116521262
2430,1985,0.574193162,0.127450806
2430,1986,0.576149996,0.137468901
2430,1987,0.57822363,0.146788727
2430,1988,0.580299891,0.1555462
2430,1989,0.582730149,0.16381769
2430,1990,0.585509114,0.171678131
2430,1991,0.588630518,0.179186095
2430,1992,0.59206837,0.186415704
2430,1993,0.59444672,0.193406476
2430,1994,0.596951146,0.20019149
2430,1995,0.597342914,0.206798844
2430,1996,0.597423267,0.213252712
2430,1997,0.59740929,0.219574127
2451,1981,0.134658895,0.177642991
2451,1982,0.136169548,0.216441946
2451,1983,0.141662025,0.230236758
2451,1984,0.154681578,0.234238095
2451,1985,0.166203384,0.234312755
2451,1986,0.175952065,0.232186245
2451,1987,0.193221611,0.226532303
2451,1988,0.224997759,0.221822848
2451,1989,0.252346799,0.219449344
2451,1990,0.284659847,0.217546119
2451,1991,0.332883744,0.216156528
2451,1992,0.395569439,0.2125228
2451,1993,0.463566195,0.209757609
2451,1994,0.536910249,0.206835305
2451,1995,0.6224349,0.207058444
2451,1996,0.742895938,0.206026944
2451,1997,0.848774002,0.204230296
2451,1998,0.995122978,0.204385994
2451,1999,1.197569085,0.205130177
2451,2000,1.397741615,0.205716251
2451,2001,1.559727461,0.206755975
2451,2002,1.67801891,0.207777654
2451,2003,1.694450226,0.209810373
2451,2004,1.563654628,0.214843407
2451,2005,1.376180849,0.224368926
2451,2006,1.313617911,0.241303426
2451,2007,1.352375976,0.275197133
2452,1980,0.307658382,0.100665287
2452,1981,0.308146713,0.135406581
2452,1982,0.310438189,0.157717753
2452,1983,0.314874021,0.172989166
2452,1984,0.322502727,0.183642309
2452,1985,0.333342311,0.190781324
2452,1986,0.348144709,0.195651132
2452,1987,0.367249876,0.198637172
2452,1988,0.391425243,0.200288524
2452,1989,0.421916753,0.201387835
2452,1990,0.458383665,0.20268288
2452,1991,0.496246888,0.204271299
2452,1992,0.529442506,0.20593236
2452,1993,0.552699064,0.207783218
2452,1994,0.56736906,0.209951089
2452,1995,0.589500705,0.212580737
2452,1996,0.615498771,0.216193162
2452,1997,0.649980036,0.221017521
2452,1998,0.691907436,0.226249657
2452,1999,0.738590971,0.23178768
2452,2000,0.782763118,0.237891113
2452,2001,0.829619005,0.24521806
2452,2002,0.829436005,0.25367188
2452,2003,0.834395675,0.263565638
2452,2004,0.82814764,0.275233792
2452,2005,0.815662338,0.288581815
2452,2006,0.810346014,0.304433046
2531,1989,0.023364149,0
2531,1990,0.023364149,0
2531,1991,0.023364149,0
2531,1992,0.023364149,0
2531,1993,0.023364149,0
2531,1994,0.023364149,0
2531,1995,0.023364149,0
2531,1996,0.023364149,0
2531,1997,0.023364149,0
2531,1998,0.023364149,0
2531,1999,0.023364149,0
2531,2000,0.023364149,0
2531,2001,0.023364149,0
2531,2002,0.023364149,0
2531,2003,0.023364149,0
2531,2004,0.023364149,0
2531,2005,0.023364149,0
2531,2006,0.023364149,0
2531,2007,0.023364149,0
2531,2008,0.023364149,0
2531,2009,0.023364149,0
2531,2010,0.023364149,0
2531,2011,0.023364149,0
2531,2012,0.023364149,0
2531,2013,0.023364149,0
2531,2014,0.023364149,0
2531,2015,0.023364149,0
2611,1980,0.003841396,0.000970474
2611,1981,0.003980903,0.001182967
2611,1982,0.004215175,0.001230558
2611,1983,0.004446993,0.00125152
2611,1984,0.004628283,0.001260268
2611,1985,0.004953319,0.00126255
2611,1986,0.005352742,0.001259844
2611,1987,0.005911034,0.001250397
2611,1988,0.006504642,0.001227986
2611,1989,0.007641533,0.001177112
2611,1990,0.008523266,0.001157501
2611,1991,0.009178943,0.001151757
2611,1992,0.00949836,0.00115457
2611,1993,0.009768473,0.001168553
2611,1994,0.009679093,0.001206339
2611,1995,0.009304331,0.001200008
2611,1996,0.009159883,0.001244377
2611,1997,0.009136929,0.001271627
2611,1998,0.009483182,0.001299574
2611,1999,0.010041405,0.001345109
2611,2000,0.010962899,0.001433238
2611,2001,0.011711491,0.001492346
2611,2002,0.012309031,0.001543231
2611,2003,0.012744475,0.001601668
2611,2004,0.012976106,0.001683822
2611,2005,0.012956622,0.001809636
2611,2006,0.012952477,0.002004951
2621,1980,0.024241738,0.001453688
2621,1981,0.02412571,0.001798554
2621,1982,0.024400901,0.001963339
2621,1983,0.024958705,0.00204874
2621,1984,0.025661371,0.002094455
2621,1985,0.026651259,0.002119313
2621,1986,0.02759754,0.002132954
2621,1987,0.028249124,0.002140505
2621,1988,0.028498441,0.002144755
2621,1989,0.028150279,0.002147259
2621,1990,0.027438233,0.002148928
2621,1991,0.026830754,0.002150368
2621,1992,0.026028471,0.002152102
2621,1993,0.025233769,0.002154753
2621,1994,0.024380447,0.002159278
2621,1995,0.023714263,0.002167294
2621,1996,0.023194373,0.002181643
2621,1997,0.022711413,0.002207323
2621,1998,0.022129692,0.002253021
2621,1999,0.021590155,0.002333417
2621,2000,0.02077113,0.002401338
2621,2001,0.02003855,0.002473444
2621,2002,0.019324831,0.002565845
2621,2003,0.018744674,0.002697202
2621,2004,0.018271807,0.002890949
2621,2005,0.017950615,0.00317664
2621,2006,0.017775604,0.003495879
2780,1980,0.026459822,0
2780,1981,0.026459822,0
2780,1982,0.026459822,0
2780,1983,0.026459822,0
2780,1984,0.026459822,0
2780,1985,0.026459822,0
2780,1986,0.026459822,0
2780,1987,0.026459822,0
2780,1988,0.026459822,0
2780,1989,0.026459822,0
2780,1990,0.026459822,0
2780,1991,0.026459822,0
2780,1992,0.026459822,0
2780,1993,0.026459822,0
2780,1994,0.026459822,0
2780,1995,0.026459822,0
2780,1996,0.026459822,0
2780,1997,0.026459822,0
2780,1998,0.026459822,0
2780,1999,0.026459822,0
2780,2000,0.026459822,0
2780,2001,0.026459822,0
2780,2002,0.026459822,0
2780,2003,0.026459822,0
2780,2004,0.026459822,0
2780,2005,0.026459822,0
2780,2006,0.026459822,0
2800,1980,NA,NA
2800,1981,NA,NA
2800,1982,NA,NA
2800,1983,NA,NA
2800,1984,NA,NA
2800,1985,NA,NA
2800,1986,NA,NA
2800,1987,NA,NA
2800,1988,NA,NA
2800,1989,NA,NA
2800,1990,NA,NA
2800,1991,NA,NA
2800,1992,NA,NA
2800,1993,NA,NA
2800,1994,NA,NA
2800,1995,NA,NA
2800,1996,NA,NA
2800,1997,NA,NA
2800,1998,NA,NA
2800,1999,NA,NA
2820,1980,NA,NA
2820,1981,NA,NA
2820,1982,NA,NA
2820,1983,NA,NA
2820,1984,NA,NA
2820,1985,NA,NA
2820,1986,NA,NA
2820,1987,NA,NA
2820,1988,NA,NA
2820,1989,NA,NA
2820,1990,NA,NA
2820,1991,NA,NA
2820,1992,NA,NA
2820,1993,NA,NA
2820,1994,NA,NA
2833,1981,NA,NA
2833,1982,NA,NA
2833,1983,NA,NA
2833,1984,NA,NA
2833,1985,NA,NA
2833,1986,NA,NA
2833,1987,NA,NA
2833,1988,NA,NA
2833,1989,NA,NA
2833,1990,NA,NA
2833,1991,NA,NA
2833,1992,NA,NA
2833,1993,NA,NA
2833,1994,NA,NA
2833,1995,NA,NA
2833,1996,NA,NA
2833,1997,NA,NA
2833,1998,NA,NA
2833,1999,NA,NA
2833,2000,NA,NA
2833,2001,NA,NA
2833,2002,NA,NA
2833,2003,NA,NA
2833,2004,NA,NA
2833,2005,NA,NA
2833,2006,NA,NA
2833,2007,NA,NA
2840,1980,0.014423162,0.000887481
2840,1981,0.014160629,0.001054926
2840,1982,0.01409774,0.00111677
2840,1983,0.0140586,0.001141332
2840,1984,0.014112083,0.001151321
2840,1985,0.014239531,0.001155421
2840,1986,0.014393996,0.00115711
2840,1987,0.014391849,0.001157807
2840,1988,0.014318383,0.001158094
2840,1989,0.014157582,0.001158213
2840,1990,0.01414604,0.001158262
2840,1991,0.014135279,0.001158283
2840,1992,0.014119552,0.001158292
2840,1993,0.014182326,0.001158298
2840,1994,0.014589467,0.001158305
2840,1995,0.015051221,0.001158318
2840,1996,0.015181046,0.00115835
2840,1997,0.014933091,0.001158426
2840,1998,0.014477779,0.001158611
2840,1999,0.013600279,0.001159058
2840,2000,0.01239441,0.00116014
2840,2001,0.011077856,0.001162757
2840,2002,0.009822741,0.001169068
2840,2003,0.009120423,0.001184213
2840,2004,0.00869336,0.00122011
2840,2005,0.0083044,0.001302948
2840,2006,0.007993385,0.001484522
2844,1980,0.010278218,0.003001197
2844,1981,0.01034554,0.003560984
2844,1982,0.010825962,0.003783347
2844,1983,0.011177218,0.003877874
2844,1984,0.011359226,0.00391853
2844,1985,0.011458971,0.003935001
2844,1986,0.011246085,0.003938982
2844,1987,0.011047035,0.003933274
2844,1988,0.010789858,0.003913859
2844,1989,0.010964317,0.003866908
2844,1990,0.011401461,0.003757874
2844,1991,0.012207269,0.00373069
2844,1992,0.014050446,0.00376188
2844,1993,0.016828597,0.003878326
2844,1994,0.02011079,0.003941094
2844,1995,0.022029437,0.003995522
2844,1996,0.021068988,0.004078797
2844,1997,0.017307794,0.004244434
2844,1998,0.014318056,0.004339855
2844,1999,0.011827053,0.004412171
2844,2000,0.009991424,0.004494705
2844,2001,0.008701396,0.004623278
2844,2002,0.007757697,0.004849586
2844,2003,0.007070114,0.005254587
2844,2004,0.00644967,0.005661755
2844,2005,0.00602468,0.006152395
2844,2006,0.005806368,0.006804641
2851,1980,NA,NA
2851,1981,NA,NA
2851,1982,NA,NA
2851,1983,NA,NA
2851,1984,NA,NA
2851,1985,NA,NA
2851,1986,NA,NA
2851,1987,NA,NA
2851,1988,NA,NA
2851,1989,NA,NA
2851,1990,NA,NA
2851,1991,NA,NA
2851,1992,NA,NA
2851,1993,NA,NA
2851,1994,NA,NA
2851,1995,NA,NA
2851,1996,NA,NA
2851,1997,NA,NA
2851,1998,NA,NA
2851,1999,NA,NA
2860,1980,0.011610324,0
2860,1981,0.011610324,0
2860,1982,0.011610324,0
2860,1983,0.011610324,0
2860,1984,0.011610324,0
2860,1985,0.011610324,0
2860,1986,0.011610324,0
2860,1987,0.011610324,0
2860,1988,0.011610324,0
2860,1989,0.011610324,0
2860,1990,0.011610324,0
2860,1991,0.011610324,0
2860,1992,0.011610324,0
2860,1993,0.011610324,0
2860,1994,0.011610324,0
2860,1995,0.011610324,0
2860,1996,0.011610324,0
2860,1997,0.011610324,0
2860,1998,0.011610324,0
2860,1999,0.011610324,0
2860,2000,0.011610324,0
2860,2001,0.011610324,0
2860,2002,0.011610324,0
2860,2003,0.011610324,0
2860,2004,0.011610324,0
2860,2005,0.011610324,0
2860,2006,0.011610324,0
2870,1980,0.053475811,0.006190009
2870,1981,0.054162335,0.007927286
2870,1982,0.056124273,0.008819102
2870,1983,0.057724557,0.009256218
2870,1984,0.058610388,0.009375384
2870,1985,0.055786702,0.009209641
2870,1986,0.054418748,0.009118688
2870,1987,0.053850005,0.009073033
2870,1988,0.051598169,0.009057506
2870,1989,0.04742439,0.009066892
2870,1990,0.043213113,0.009104346
2870,1991,0.038077393,0.00918236
2870,1992,0.032942392,0.009326417
2870,1993,0.028726958,0.009172425
2870,1994,0.026440034,0.009081236
2870,1995,0.024956107,0.008621665
2870,1996,0.022820179,0.008409934
2870,1997,0.02016808,0.008352198
2870,1998,0.01782971,0.008421531
2870,1999,0.016205688,0.008650195
2870,2000,0.013578725,0.009138798
2870,2001,0.011702885,0.009677209
2870,2002,0.010514116,0.010427074
2870,2003,0.009600973,0.011123664
2870,2004,0.008927053,0.011885074
2870,2005,0.008466279,0.012817214
2870,2006,0.008232156,0.014026997
2911,1980,0.014232677,0.001933566
2911,1981,0.014023869,0.002461029
2911,1982,0.014030289,0.002737506
2911,1983,0.014369204,0.002895744
2911,1984,0.014666092,0.002989731
2911,1985,0.014704497,0.003046683
2911,1986,0.01484436,0.003081685
2911,1987,0.015202863,0.003103542
2911,1988,0.015599008,0.003117586
2911,1989,0.016123708,0.003127178
2911,1990,0.016372401,0.003134586
2911,1991,0.016584091,0.003141546
2911,1992,0.016426656,0.003149676
2911,1993,0.015546547,0.003160853
2911,1994,0.014286767,0.003177631
2911,1995,0.012644668,0.00320379
2911,1996,0.011124988,0.003245102
2911,1997,0.009820497,0.003310383
2911,1998,0.008588175,0.00341289
2911,1999,0.007708903,0.003571943
2911,2000,0.006919647,0.003710359
2911,2001,0.006245847,0.003845564
2911,2002,0.005695804,0.003992708
2911,2003,0.005267009,0.004166559
2911,2004,0.004943215,0.004382684
2911,2005,0.004730427,0.004658166
2911,2006,0.004624358,0.005011991
2990,1980,NA,NA
2990,1981,NA,NA
2990,1982,NA,NA
2990,1983,NA,NA
2990,1984,NA,NA
2990,1985,NA,NA
2990,1986,NA,NA
2990,1987,NA,NA
2990,1988,NA,NA
2990,1989,NA,NA
2990,1990,NA,NA
3081,1980,NA,NA
3081,1981,NA,NA
3081,1982,NA,NA
3081,1983,NA,NA
3081,1984,NA,NA
3081,1985,NA,NA
3081,1986,NA,NA
3081,1987,NA,NA
3081,1988,NA,NA
3081,1989,NA,NA
3081,1990,NA,NA
3081,1991,NA,NA
3081,1992,NA,NA
3081,1993,NA,NA
3081,1994,NA,NA
3081,1995,NA,NA
3081,1996,NA,NA
3081,1997,NA,NA
3081,1998,NA,NA
3089,1980,0.020273632,0.002410009
3089,1981,0.020518906,0.003108075
3089,1982,0.020536355,0.003487937
3089,1983,0.020593244,0.003694379
3089,1984,0.02044469,0.003781509
3089,1985,0.020439266,0.003768814
3089,1986,0.020476372,0.003715759
3089,1987,0.021089222,0.003671312
3089,1988,0.022216123,0.003624015
3089,1989,0.022777891,0.003561164
3089,1990,0.023432912,0.003524186
3089,1991,0.024234991,0.003501697
3089,1992,0.025064136,0.003486581
3089,1993,0.024667922,0.003473971
3089,1994,0.024489648,0.003459753
3089,1995,0.023097454,0.003439228
3089,1996,0.020924991,0.003405497
3089,1997,0.018648732,0.003403864
3089,1998,0.017011372,0.00343374
3089,1999,0.016023007,0.003505802
3089,2000,0.015440918,0.003586434
3089,2001,0.014382411,0.00364102
3089,2002,0.013416377,0.00374487
3089,2003,0.012379791,0.003926091
3089,2004,0.011700505,0.004164419
3089,2005,0.011317395,0.00450673
3089,2006,0.011246227,0.005009155
3250,1980,0.034919928,0.002188963
3250,1981,0.033824759,0.00244894
3250,1982,0.029640306,0.002510061
3250,1983,0.026917911,0.002524949
3250,1984,0.025611933,0.002527645
3250,1985,0.024661522,0.002524199
3250,1986,0.024175882,0.002506873
3250,1987,0.023915881,0.002435879
3250,1988,0.020437446,0.002130256
3250,1989,0.01944623,0.002081506
3250,1990,0.01842727,0.002074388
3250,1991,0.019086032,0.002074388
3250,1992,0.022414476,0.002081506
3250,1993,0.025387742,0.002130259
3250,1994,0.022784415,0.002435897
3250,1995,0.023792446,0.002506952
3250,1996,0.024441632,0.002524519
3250,1997,0.024297997,0.002528922
3250,1998,0.024376543,0.002530036
3250,1999,0.023709156,0.002530345
3250,2000,0.023012688,0.002530536
3250,2001,0.020937079,0.002531033
3250,2002,0.019287606,0.002532941
3250,2003,0.016167564,0.002540493
3250,2004,0.014429609,0.00257028
3250,2005,0.01382346,0.002685377
3250,2006,0.01395364,0.003100801
3270,1980,0.020724356,0.001194354
3270,1981,0.020602698,0.001502608
3270,1982,0.020602266,0.001658944
3270,1983,0.020493674,0.001743307
3270,1984,0.020139692,0.001787264
3270,1985,0.019680534,0.001805115
3270,1986,0.018969087,0.001802319
3270,1987,0.018364944,0.001778032
3270,1988,0.017767561,0.001764644
3270,1989,0.017422576,0.001757659
3270,1990,0.0169514,0.001754684
3270,1991,0.016239312,0.001754694
3270,1992,0.015248752,0.00175769
3270,1993,0.014603983,0.001764709
3270,1994,0.0139235,0.001778152
3270,1995,0.013186787,0.001802533
3270,1996,0.012489836,0.001845764
3270,1997,0.011901316,0.001921072
3270,1998,0.011448615,0.002006909
3270,1999,0.011048654,0.002078731
3270,2000,0.010772558,0.002149871
3270,2001,0.010676142,0.002185015
3270,2002,0.010689814,0.002236808
3270,2003,0.010665802,0.00231277
3270,2004,0.010637344,0.002423072
3270,2005,0.010695243,0.002580976
3270,2006,0.01082561,0.00280304
3312,1980,0.105924987,0
3312,1981,0.105924987,0
3312,1982,0.105924987,0
3312,1983,0.105924987,0
3312,1984,0.105924987,0
3312,1985,0.105924987,0
3312,1986,0.105924987,0
3312,1987,0.105924987,0
3312,1988,0.105924987,0
3312,1989,0.105924987,0
3312,1990,0.105924987,0
3312,1991,0.105924987,0
3312,1992,0.105924987,0
3312,1993,0.105924987,0
3312,1994,0.105924987,0
3312,1995,0.105924987,0
3312,1996,0.105924987,0
3312,1997,0.105924987,0
3312,1998,0.105924987,0
3312,1999,0.105924987,0
3312,2000,0.105924987,0
3312,2001,0.105924987,0
3312,2002,0.105924987,0
3312,2003,0.105924987,0
3312,2004,0.105924987,0
3317,1980,0.074606911,0.002869268
3317,1981,0.074752062,0.003817664
3317,1982,0.075050409,0.004394425
3317,1983,0.07527601,0.0047657
3317,1984,0.075474856,0.005003272
3317,1985,0.075853094,0.005168079
3317,1986,0.076327372,0.005289737
3317,1987,0.076573585,0.005370934
3317,1988,0.076799916,0.005430434
3317,1989,0.077263793,0.005474034
3317,1990,0.077972133,0.005495007
3317,1991,0.078859248,0.00549526
3317,1992,0.079760055,0.005485706
3317,1993,0.080602617,0.005476333
3317,1994,0.081651129,0.005466254
3317,1995,0.082443684,0.005476178
3317,1996,0.083523254,0.005507086
3317,1997,0.084802123,0.005572907
3317,1998,0.086414927,0.005669001
3317,1999,0.087993149,0.005792933
3317,2000,0.089157778,0.005955202
3317,2001,0.090086461,0.006156876
3317,2002,0.090754147,0.006387981
3317,2003,0.090701188,0.006662601
3317,2004,0.089843693,0.006995793
3317,2005,0.088895879,0.007403866
3317,2006,0.088342178,0.007875412
3360,1980,0.095583786,0.003541237
3360,1981,0.098744118,0.003660704
3360,1982,0.101213238,0.003668757
3360,1983,0.101486951,0.003669309
3360,1984,0.097805554,0.003669347
3360,1985,0.104769705,0.00366935
3360,1986,0.112361658,0.00366935
3360,1987,0.115680636,0.00366935
3360,1988,0.113726059,0.00366935
3360,1989,0.114685595,0.00366935
3360,1990,0.107664883,0.00366935
3360,1991,0.096852591,0.00366935
3360,1992,0.096235775,0.00366935
3360,1993,0.089394235,0.00366935
3360,1994,0.081728938,0.003669351
3360,1995,0.075437599,0.00366937
3360,1996,0.073084495,0.003669634
3360,1997,0.072106715,0.003673493
3360,1998,0.07191003,0.003729279
3360,1999,0.062723896,0.004463929
3360,2000,0.058894375,0.004557906
3360,2001,0.059919303,0.004571028
3360,2002,0.061877877,0.004573157
3360,2003,0.052763516,0.004575476
3360,2004,0.046539489,0.004590108
3360,2005,0.042618359,0.004692432
3360,2006,0.041146089,0.005363042
3390,1980,0.11631012,0
3390,1981,0.11631012,0
3390,1982,0.11631012,0
3390,1983,0.11631012,0
3390,1984,0.11631012,0
3390,1985,0.11631012,0
3390,1986,0.11631012,0
3390,1987,0.11631012,0
3390,1988,0.11631012,0
3390,1989,0.11631012,0
3390,1990,0.11631012,0
3390,1991,0.11631012,0
3390,1992,0.11631012,0
3390,1993,0.11631012,0
3390,1994,0.11631012,0
3390,1995,0.11631012,0
3390,1996,0.11631012,0
3390,1997,0.11631012,0
3390,1998,0.11631012,0
3390,1999,0.11631012,0
3390,2000,0.11631012,0
3390,2001,0.11631012,0
3390,2002,0.11631012,0
3390,2003,0.11631012,0
3390,2004,0.11631012,0
3390,2005,0.11631012,0
3390,2006,0.11631012,0
3420,1980,0.07657647,0.004585942
3420,1981,0.077255221,0.005964329
3420,1982,0.078347206,0.0067297
3420,1983,0.078439274,0.007161566
3420,1984,0.076250269,0.00747026
3420,1985,0.073963687,0.007721145
3420,1986,0.071648419,0.007960998
3420,1987,0.069388484,0.008230191
3420,1988,0.067527966,0.008569798
3420,1989,0.065703852,0.008903192
3420,1990,0.063925771,0.009267032
3420,1991,0.062237884,0.009696911
3420,1992,0.061052711,0.010091452
3420,1993,0.060361468,0.010475896
3420,1994,0.060323407,0.010872038
3420,1995,0.060861635,0.011299972
3420,1996,0.061577052,0.011779179
3420,1997,0.062324361,0.012329232
3420,1998,0.063094388,0.012970239
3420,1999,0.063815795,0.013723111
3430,1980,0.05358364,0.01553522
3430,1981,0.055687348,0.018302407
3430,1982,0.061498677,0.018653321
3430,1983,0.070175565,0.017885415
3430,1984,0.084240839,0.017011694
3430,1985,0.091834867,0.016685499
3430,1986,0.102316567,0.01643085
3430,1987,0.109954985,0.015846204
3430,1988,0.105878629,0.015623016
3430,1989,0.102105765,0.015332877
3430,1990,0.10053346,0.015221346
3430,1991,0.103976207,0.015047067
3430,1992,0.115388988,0.014413623
3430,1993,0.120068511,0.014223396
3430,1994,0.123792261,0.013945753
3430,1995,0.132245363,0.013570157
3430,1996,0.145234895,0.013502842
3430,1997,0.162472586,0.01350936
3430,1998,0.177216989,0.013612741
3430,1999,0.191279877,0.014169005
3430,2000,0.209689027,0.014475371
3430,2001,0.227204436,0.014569229
3430,2002,0.236926349,0.014700772
3430,2003,0.221736334,0.015205897
3430,2004,0.206348571,0.015609813
3430,2005,0.197231664,0.016752113
3430,2006,0.199593035,0.019731401
3433,1980,0.089380875,0.002088165
3433,1981,0.089424246,0.002864398
3433,1982,0.089493439,0.003397578
3433,1983,0.089591177,0.0038023
3433,1984,0.089754067,0.004121465
3433,1985,0.09001593,0.004380633
3433,1986,0.090345644,0.004593917
3433,1987,0.090688218,0.004770773
3433,1988,0.090989147,0.004921175
3433,1989,0.091274553,0.005050251
3433,1990,0.091572338,0.005161992
3433,1991,0.091882411,0.005259582
3433,1992,0.092259936,0.005345616
3433,1993,0.092685458,0.00543325
3433,1994,0.093077109,0.005524746
3433,1995,0.093546168,0.005622358
3433,1996,0.094262652,0.005728374
3433,1997,0.095021211,0.005845154
3433,1998,0.095739685,0.005975165
3433,1999,0.096352268,0.006125089
3433,2000,0.096973265,0.006297844
3433,2001,0.097572044,0.006487964
3433,2002,0.097781633,0.006698441
3433,2003,0.097651391,0.006932352
3433,2004,0.097432395,0.00718339
3433,2005,0.097313055,0.007454376
3433,2006,0.097262221,0.007737926
3442,1980,0.016772068,0.006185703
3442,1981,0.017476591,0.007539646
3442,1982,0.01894789,0.008022621
3442,1983,0.021316762,0.008018409
3442,1984,0.023943097,0.008016427
3442,1985,0.02617832,0.008015282
3442,1986,0.025117583,0.008014167
3442,1987,0.025403371,0.008012294
3442,1988,0.025549968,0.008008344
3442,1989,0.025950714,0.007999527
3442,1990,0.026476637,0.007979595
3442,1991,0.025262019,0.007934335
3442,1992,0.023316354,0.007830969
3442,1993,0.022617672,0.007591887
3442,1994,0.022390311,0.007497173
3442,1995,0.02143957,0.007461611
3442,1996,0.022388495,0.007452132
3442,1997,0.024976265,0.007459819
3442,1998,0.029321008,0.007491908
3442,1999,0.035041557,0.007578291
3442,2000,0.042434844,0.007797055
3442,2001,0.052117904,0.008332016
3442,2002,0.057222367,0.009567267
3442,2003,0.059352366,0.01106346
3442,2004,0.059352366,0.013278956
3444,1989,0.011588878,0.000815131
3444,1990,0.011850521,0.001005807
3444,1991,0.012463519,0.001092283
3444,1992,0.012921379,0.001134849
3444,1993,0.013502943,0.001156459
3444,1994,0.014282004,0.001167573
3444,1995,0.014920212,0.001173301
3444,1996,0.01517062,0.001176212
3444,1997,0.015565886,0.001177594
3444,1998,0.016147002,0.001178056
3444,1999,0.016949299,0.001177798
3444,2000,0.017596221,0.001176708
3444,2001,0.017903858,0.001174307
3444,2002,0.017852996,0.001169536
3444,2003,0.017704568,0.001160264
3444,2004,0.017529626,0.001142266
3444,2005,0.017372134,0.001106983
3444,2006,0.017269135,0.001036109
3444,2007,0.017000639,0.001006392
3444,2008,0.016473122,0.000994486
3444,2009,0.015979166,0.000990322
3444,2010,0.015914161,0.000990267
3444,2011,0.015901537,0.000994273
3444,2012,0.01552869,0.001005835
3444,2013,0.015344267,0.001034748
3444,2014,0.015228702,0.001103801
3444,2015,0.015354158,0.001259716
3451,1980,NA,NA
3451,1981,NA,NA
3451,1982,NA,NA
3451,1983,NA,NA
3451,1984,NA,NA
3451,1985,NA,NA
3451,1986,NA,NA
3451,1987,NA,NA
3451,1988,NA,NA
3451,1989,NA,NA
3451,1990,NA,NA
3451,1991,NA,NA
3451,1992,NA,NA
3451,1993,NA,NA
3451,1994,NA,NA
3451,1995,NA,NA
3451,1996,NA,NA
3451,1997,NA,NA
3451,1998,NA,NA
3451,1999,NA,NA
3451,2000,NA,NA
3451,2001,NA,NA
3451,2002,NA,NA
3451,2003,NA,NA
3451,2004,NA,NA
3451,2005,NA,NA
3452,1980,0.043547855,0.004094449
3452,1981,0.043710287,0.005361307
3452,1982,0.044022353,0.006118703
3452,1983,0.044495109,0.006614696
3452,1984,0.045190026,0.006953272
3452,1985,0.045737358,0.007190134
3452,1986,0.046311541,0.007358869
3452,1987,0.046857345,0.007481196
3452,1988,0.047475132,0.007571856
3452,1989,0.048074038,0.007641276
3452,1990,0.048758399,0.007697175
3452,1991,0.049430956,0.007745609
3452,1992,0.050243451,0.007791715
3452,1993,0.050820219,0.00784029
3452,1994,0.051396296,0.007896294
3452,1995,0.052219757,0.007965331
3452,1996,0.053263876,0.008054143
3452,1997,0.054640207,0.008171151
3452,1998,0.056515237,0.008327038
3452,1999,0.058633168,0.008426708
3452,2000,0.061178948,0.008477256
3452,2001,0.063847567,0.008592741
3452,2002,0.065975825,0.008782287
3452,2003,0.067679078,0.009060175
3452,2004,0.069253063,0.009445944
3452,2005,0.070291583,0.009964379
3452,2006,0.070993303,0.010645333
3523,1980,0.027614744,0
3523,1981,0.027614744,0
3523,1982,0.027614744,0
3523,1983,0.027614744,0
3523,1984,0.027614744,0
3523,1985,0.027614744,0
3523,1986,0.027614744,0
3523,1987,0.027614744,0
3523,1988,0.027614744,0
3523,1989,0.027614744,0
3523,1990,0.027614744,0
3523,1991,0.027614744,0
3523,1992,0.027614744,0
3523,1993,0.027614744,0
3523,1994,0.027614744,0
3523,1995,0.027614744,0
3523,1996,0.027614744,0
3523,1997,0.027614744,0
3523,1998,0.027614744,0
3523,1999,0.027614744,0
3523,2000,0.027614744,0
3523,2001,0.027614744,0
3523,2002,0.027614744,0
3523,2003,0.027614744,0
3523,2004,0.027614744,0
3523,2005,0.027614744,0
3523,2006,0.027614744,0
3550,1981,0.059186573,0.01032723
3550,1982,0.059754135,0.013114305
3550,1983,0.060462706,0.014606695
3550,1984,0.061282812,0.015469064
3550,1985,0.063153765,0.015973134
3550,1986,0.065870967,0.016253308
3550,1987,0.068935054,0.016378045
3550,1988,0.072137386,0.016376542
3550,1989,0.076056408,0.016371015
3550,1990,0.079604807,0.016237625
3550,1991,0.082818891,0.016188452
3550,1992,0.086539545,0.016089882
3550,1993,0.089923705,0.015917427
3550,1994,0.091348376,0.015866182
3550,1995,0.091659445,0.015803012
3550,1996,0.091031646,0.015710849
3550,1997,0.091997377,0.015682568
3550,1998,0.094383397,0.015710149
3550,1999,0.097808205,0.015683289
3550,2000,0.101000365,0.015712498
3550,2001,0.104991855,0.015806054
3550,2002,0.110529358,0.015990152
3550,2003,0.117391676,0.01631492
3550,2004,0.125692304,0.016864542
3550,2005,0.135527473,0.017770562
3550,2006,0.141616338,0.019093652
3550,2007,0.145373419,0.021064448
3555,1980,0.067318931,0
3555,1981,0.067318931,0
3555,1982,0.067318931,0
3555,1983,0.067318931,0
3555,1984,0.067318931,0
3555,1985,0.067318931,0
3555,1986,0.067318931,0
3555,1987,0.067318931,0
3555,1988,0.067318931,0
3555,1989,0.067318931,0
3555,1990,0.067318931,0
3555,1991,0.067318931,0
3555,1992,0.067318931,0
3555,1993,0.067318931,0
3555,1994,0.067318931,0
3555,1995,0.067318931,0
3555,1996,0.067318931,0
3555,1997,0.067318931,0
3555,1998,0.067318931,0
3555,1999,0.067318931,0
3555,2000,0.067318931,0
3559,1980,0.025578076,0
3559,1981,0.025578076,0
3559,1982,0.025578076,0
3559,1983,0.025578076,0
3559,1984,0.025578076,0
3559,1985,0.025578076,0
3559,1986,0.025578076,0
3559,1987,0.025578076,0
3559,1988,0.025578076,0
3559,1989,0.025578076,0
3559,1990,0.025578076,0
3559,1991,0.025578076,0
3559,1992,0.025578076,0
3559,1993,0.025578076,0
3559,1994,0.025578076,0
3559,1995,0.025578076,0
3559,1996,0.025578076,0
3559,1997,0.025578076,0
3559,1998,0.025578076,0
3559,1999,0.025578076,0
3559,2000,0.025578076,0
3559,2001,0.025578076,0
3559,2002,0.025578076,0
3559,2003,0.025578076,0
3559,2004,0.025578076,0
3559,2005,0.025578076,0
3559,2006,0.025578076,0
3561,1980,NA,NA
3561,1981,NA,NA
3561,1982,NA,NA
3561,1983,NA,NA
3561,1984,NA,NA
3561,1985,NA,NA
3561,1986,NA,NA
3561,1987,NA,NA
3561,1988,NA,NA
3561,1989,NA,NA
3561,1990,NA,NA
3561,1991,NA,NA
3561,1992,NA,NA
3561,1993,NA,NA
3561,1994,NA,NA
3561,1995,NA,NA
3561,1996,NA,NA
3561,1997,NA,NA
3561,1998,NA,NA
3561,1999,NA,NA
3561,2000,NA,NA
3561,2001,NA,NA
3561,2002,NA,NA
3561,2003,NA,NA
3561,2004,NA,NA
3561,2005,NA,NA
3567,1981,NA,NA
3567,1982,NA,NA
3567,1983,NA,NA
3567,1984,NA,NA
3567,1985,NA,NA
3567,1986,NA,NA
3567,1987,NA,NA
3567,1988,NA,NA
3567,1989,NA,NA
3567,1990,NA,NA
3567,1991,NA,NA
3567,1992,NA,NA
3567,1993,NA,NA
3567,1994,NA,NA
3567,1995,NA,NA
3567,1996,NA,NA
3567,1997,NA,NA
3567,1998,NA,NA
3567,1999,NA,NA
3567,2000,NA,NA
3567,2001,NA,NA
3567,2002,NA,NA
3567,2003,NA,NA
3567,2004,NA,NA
3567,2005,NA,NA
3567,2006,NA,NA
3567,2007,NA,NA
3569,1980,0.038871764,0.004307313
3569,1981,0.039156548,0.004859258
3569,1982,0.040019226,0.005035211
3569,1983,0.041291956,0.005092413
3569,1984,0.041774862,0.005105689
3569,1985,0.04027782,0.005091881
3569,1986,0.037942357,0.005154094
3569,1987,0.035967352,0.005248814
3569,1988,0.0348562,0.005364963
3569,1989,0.033610414,0.005380921
3569,1990,0.032575158,0.005437518
3569,1991,0.031831291,0.005466616
3569,1992,0.031981262,0.005496415
3569,1993,0.033125095,0.005555184
3569,1994,0.035731186,0.005570442
3569,1995,0.039560033,0.005555822
3569,1996,0.044035353,0.005625098
3569,1997,0.04941218,0.005711944
3569,1998,0.054916143,0.005759829
3569,1999,0.056082091,0.005806609
3569,2000,0.0558709,0.005888131
3569,2001,0.053310629,0.006064388
3569,2002,0.049172375,0.0061877
3569,2003,0.045050641,0.006333005
3569,2004,0.041608257,0.00658208
3569,2005,0.039788148,0.007061419
3569,2006,0.038882493,0.007977542
3570,1980,0.076569202,0
3570,1981,0.076569202,0
3570,1982,0.076569202,0
3570,1983,0.076569202,0
3570,1984,0.076569202,0
3570,1985,0.076569202,0
3570,1986,0.076569202,0
3570,1987,0.076569202,0
3570,1988,0.076569202,0
3570,1989,0.076569202,0
3570,1990,0.076569202,0
3570,1991,0.076569202,0
3570,1992,0.076569202,0
3570,1993,0.076569202,0
3570,1994,0.076569202,0
3570,1995,0.076569202,0
3570,1996,0.076569202,0
3570,1997,0.076569202,0
3570,1998,0.076569202,0
3570,1999,0.076569202,0
3570,2000,0.076569202,0
3570,2001,0.076569202,0
3570,2002,0.076569202,0
3570,2003,0.076569202,0
3570,2004,0.076569202,0
3570,2005,0.076569202,0
3570,2006,0.076569202,0
3571,1980,0.072661391,0.003452186
3571,1981,0.073178478,0.004532629
3571,1982,0.074052924,0.005145068
3571,1983,0.075234661,0.005516801
3571,1984,0.076362867,0.005742893
3571,1985,0.077214652,0.005862659
3571,1986,0.077844301,0.005945653
3571,1987,0.077861687,0.006004627
3571,1988,0.077853002,0.006048297
3571,1989,0.077766212,0.006082943
3571,1990,0.077490697,0.006113443
3571,1991,0.077493633,0.006144023
3571,1992,0.077794076,0.006178849
3571,1993,0.078457,0.006222593
3571,1994,0.079447768,0.006281005
3571,1995,0.080725388,0.006343477
3571,1996,0.082393279,0.00641763
3571,1997,0.084393777,0.006512217
3571,1998,0.086526129,0.006637971
3571,1999,0.088776443,0.006808467
3571,2000,0.090461942,0.007001908
3571,2001,0.092020432,0.007235465
3571,2002,0.093166572,0.007507435
3571,2003,0.093210024,0.007837216
3571,2004,0.092806299,0.008245932
3571,2005,0.092632312,0.008733336
3571,2006,0.092540644,0.009322572
3572,1980,NA,NA
3572,1981,NA,NA
3572,1982,NA,NA
3572,1983,NA,NA
3572,1984,NA,NA
3572,1985,NA,NA
3572,1986,NA,NA
3572,1987,NA,NA
3572,1988,NA,NA
3572,1989,NA,NA
3572,1990,NA,NA
3572,1991,NA,NA
3572,1992,NA,NA
3572,1993,NA,NA
3572,1994,NA,NA
3572,1995,NA,NA
3572,1996,NA,NA
3572,1997,NA,NA
3572,1998,NA,NA
3572,1999,NA,NA
3572,2000,NA,NA
3572,2001,NA,NA
3572,2002,NA,NA
3572,2003,NA,NA
3572,2004,NA,NA
3572,2005,NA,NA
3572,2006,NA,NA
3580,1980,0.068827451,0
3580,1981,0.068827451,0
3580,1982,0.068827451,0
3580,1983,0.068827451,0
3580,1984,0.068827451,0
3580,1985,0.068827451,0
3580,1986,0.068827451,0
3580,1987,0.068827451,0
3580,1988,0.068827451,0
3580,1989,0.068827451,0
3580,1990,0.068827451,0
3580,1991,0.068827451,0
3580,1992,0.068827451,0
3580,1993,0.068827451,0
3580,1994,0.068827451,0
3580,1995,0.068827451,0
3580,1996,0.068827451,0
3580,1997,0.068827451,0
3580,1998,0.068827451,0
3580,1999,0.068827451,0
3580,2000,0.068827451,0
3580,2001,0.068827451,0
3580,2002,0.068827451,0
3580,2003,0.068827451,0
3580,2004,0.068827451,0
3580,2005,0.068827451,0
3580,2006,0.068827451,0
3585,1980,0.020724205,0
3585,1981,0.020724205,0
3585,1982,0.020724205,0
3585,1983,0.020724205,0
3585,1984,0.020724205,0
3585,1985,0.020724205,0
3585,1986,0.020724205,0
3585,1987,0.020724205,0
3585,1988,0.020724205,0
3585,1989,0.020724205,0
3585,1990,0.020724205,0
3585,1991,0.020724205,0
3585,1992,0.020724205,0
3585,1993,0.020724205,0
3585,1994,0.020724205,0
3585,1995,0.020724205,0
3585,1996,0.020724205,0
3585,1997,0.020724205,0
3585,1998,0.020724205,0
3585,1999,0.020724205,0
3585,2000,0.020724205,0
3585,2001,0.020724205,0
3585,2002,0.020724205,0
3585,2003,0.020724205,0
3585,2004,0.020724205,0
3585,2005,0.020724205,0
3585,2006,0.020724205,0
3590,1980,0.053318197,0.006507427
3590,1981,0.054475511,0.008263029
3590,1982,0.056522471,0.009235045
3590,1983,0.057280227,0.009863624
3590,1984,0.058016184,0.010346932
3590,1985,0.057669926,0.0105073
3590,1986,0.058027608,0.010378185
3590,1987,0.060988393,0.010236589
3590,1988,0.065224053,0.010048574
3590,1989,0.070883794,0.009766584
3590,1990,0.07456622,0.009601529
3590,1991,0.076998763,0.009501092
3590,1992,0.077763106,0.009431995
3590,1993,0.079097513,0.009370666
3590,1994,0.081094283,0.009295693
3590,1995,0.081331935,0.009180251
3590,1996,0.081479059,0.008981553
3590,1997,0.083835245,0.008890134
3590,1998,0.087183452,0.008866345
3590,1999,0.090233473,0.008899644
3590,2000,0.090876849,0.009004761
3590,2001,0.086275561,0.008958576
3590,2002,0.081930398,0.009009997
3590,2003,0.077574246,0.009180926
3590,2004,0.073615302,0.00954134
3590,2005,0.07118114,0.010226273
3590,2006,0.07019788,0.011455786
3630,1980,0.019949851,0.002521227
3630,1981,0.020080243,0.003176832
3630,1982,0.020140946,0.003505234
3630,1983,0.020289582,0.003684289
3630,1984,0.020794167,0.003785007
3630,1985,0.021592663,0.003841998
3630,1986,0.02259614,0.003873452
3630,1987,0.023472586,0.003889017
3630,1988,0.023978295,0.003893371
3630,1989,0.024385253,0.003887811
3630,1990,0.024972664,0.00387068
3630,1991,0.025812849,0.003836821
3630,1992,0.027114294,0.00377581
3630,1993,0.028569609,0.003668047
3630,1994,0.030489414,0.003612702
3630,1995,0.032422116,0.003587711
3630,1996,0.033859835,0.003582742
3630,1997,0.03503497,0.003595712
3630,1998,0.036949475,0.003632038
3630,1999,0.039038446,0.003706551
3630,2000,0.040785769,0.003848211
3630,2001,0.041701347,0.00396597
3630,2002,0.04195186,0.004094514
3630,2003,0.042092254,0.004268084
3630,2004,0.042303025,0.004528013
3630,2005,0.042473797,0.004927972
3630,2006,0.042874141,0.005536748
3640,1980,0.035084586,0
3640,1981,0.035084586,0
3640,1982,0.035084586,0
3640,1983,0.035084586,0
3640,1984,0.035084586,0
3640,1985,0.035084586,0
3640,1986,0.035084586,0
3640,1987,0.035084586,0
3640,1988,0.035084586,0
3640,1989,0.035084586,0
3640,1990,0.035084586,0
3640,1991,0.035084586,0
3640,1992,0.035084586,0
3640,1993,0.035084586,0
3640,1994,0.035084586,0
3640,1995,0.035084586,0
3640,1996,0.035084586,0
3640,1997,0.035084586,0
3640,1998,0.035084586,0
3640,1999,0.035084586,0
3640,2000,0.035084586,0
3640,2001,0.035084586,0
3640,2002,0.035084586,0
3640,2003,0.035084586,0
3640,2004,0.035084586,0
3640,2005,0.035084586,0
3640,2006,0.035084586,0
3678,1980,0.077256897,0
3678,1981,0.077256897,0
3678,1982,0.077256897,0
3678,1983,0.077256897,0
3678,1984,0.077256897,0
3678,1985,0.077256897,0
3678,1986,0.077256897,0
3678,1987,0.077256897,0
3678,1988,0.077256897,0
3678,1989,0.077256897,0
3678,1990,0.077256897,0
3678,1991,0.077256897,0
3678,1992,0.077256897,0
3678,1993,0.077256897,0
3678,1994,0.077256897,0
3678,1995,0.077256897,0
3678,1996,0.077256897,0
3678,1997,0.077256897,0
3678,1998,0.077256897,0
3678,1999,0.077256897,0
3678,2000,0.077256897,0
3678,2001,0.077256897,0
3678,2002,0.077256897,0
3678,2003,0.077256897,0
3678,2004,0.077256897,0
3678,2005,0.077256897,0
3716,1980,NA,NA
3716,1981,NA,NA
3716,1982,NA,NA
3716,1983,NA,NA
3716,1984,NA,NA
3716,1985,NA,NA
3716,1986,NA,NA
3716,1987,NA,NA
3716,1988,NA,NA
3716,1989,NA,NA
3716,1990,NA,NA
3716,1991,NA,NA
3716,1992,NA,NA
3716,1993,NA,NA
3716,1994,NA,NA
3716,1995,NA,NA
3716,1996,NA,NA
3716,1997,NA,NA
3716,1998,NA,NA
3716,1999,NA,NA
3716,2000,NA,NA
3716,2001,NA,NA
3716,2002,NA,NA
3716,2003,NA,NA
3716,2004,NA,NA
3716,2005,NA,NA
3720,1980,NA,NA
3720,1981,NA,NA
3720,1982,NA,NA
3720,1983,NA,NA
3720,1984,NA,NA
3720,1985,NA,NA
3720,1986,NA,NA
3720,1987,NA,NA
3720,1988,NA,NA
3720,1989,NA,NA
3720,1990,NA,NA
3720,1991,NA,NA
3720,1992,NA,NA
3720,1993,NA,NA
3720,1994,NA,NA
3728,1980,0.204108383,0.028660956
3728,1981,0.170492743,0.030518801
3728,1982,0.127533255,0.030980023
3728,1983,0.104947962,0.031111549
3728,1984,0.081670133,0.031202096
3728,1985,0.047949394,0.031446771
3728,1986,0.030021111,0.032358722
3728,1987,0.018640455,0.035693945
3728,1988,0.011656578,0.036924289
3728,1989,0.007383703,0.037504587
3728,1990,0.004790435,0.038050612
3728,1991,0.003250809,0.039107603
3728,1992,0.002393188,0.041650409
3728,1993,0.002010557,0.047687968
3760,1980,NA,NA
3760,1981,NA,NA
3760,1982,NA,NA
3760,1983,NA,NA
3760,1984,NA,NA
3760,1985,NA,NA
3760,1986,NA,NA
3760,1987,NA,NA
3760,1988,NA,NA
3760,1989,NA,NA
3760,1990,NA,NA
3760,1991,NA,NA
3760,1992,NA,NA
3760,1993,NA,NA
3760,1994,NA,NA
3760,1995,NA,NA
3760,1996,NA,NA
3760,1997,NA,NA
3760,1998,NA,NA
3760,1999,NA,NA
3790,1983,0.012921749,0
3790,1984,0.012921749,0
3790,1985,0.012921749,0
3790,1986,0.012921749,0
3790,1987,0.012921749,0
3790,1988,0.012921749,0
3790,1989,0.012921749,0
3790,1990,0.012921749,0
3790,1991,0.012921749,0
3790,1992,0.012921749,0
3790,1993,0.012921749,0
3790,1994,0.012921749,0
3790,1995,0.012921749,0
3790,1996,0.012921749,0
3790,1997,0.012921749,0
3790,1998,0.012921749,0
3790,1999,0.012921749,0
3790,2000,0.012921749,0
3812,1980,0.081256483,0.027237985
3812,1981,0.082213389,0.034425689
3812,1982,0.084019578,0.037317686
3812,1983,0.087253336,0.038025448
3812,1984,0.092038914,0.038238161
3812,1985,0.097626979,0.038040926
3812,1986,0.104756384,0.038058483
3812,1987,0.113505254,0.037594635
3812,1988,0.121939702,0.036458393
3812,1989,0.129256073,0.035509335
3812,1990,0.134709351,0.034928144
3812,1991,0.136582499,0.034388019
3812,1992,0.141571426,0.034218713
3812,1993,0.150337922,0.034314402
3812,1994,0.161585514,0.033435841
3812,1995,0.178309024,0.032942317
3812,1996,0.20556534,0.031849858
3812,1997,0.223290038,0.031174937
3812,1998,0.229326733,0.0303275
3812,1999,0.237449718,0.030295475
3812,2000,0.207313072,0.030450624
3812,2001,0.179842519,0.030949823
3812,2002,0.15301139,0.031072358
3812,2003,0.136944396,0.031538227
3812,2004,0.13367395,0.033373512
3812,2005,0.141098211,0.036164769
3812,2006,0.143275993,0.04164767
3824,1980,0.047444368,0.013647707
3824,1981,0.047541912,0.017665055
3824,1982,0.047539269,0.019906318
3824,1983,0.0473698,0.021248987
3824,1984,0.04714412,0.02204815
3824,1985,0.047199053,0.022477962
3824,1986,0.048027726,0.022623111
3824,1987,0.04970216,0.022510942
3824,1988,0.052217246,0.022120377
3824,1989,0.055938447,0.021375097
3824,1990,0.061608492,0.020935975
3824,1991,0.070055822,0.020686804
3824,1992,0.080421735,0.020558199
3824,1993,0.092063827,0.020513297
3824,1994,0.100265422,0.020539052
3824,1995,0.110874903,0.020642958
3824,1996,0.118639883,0.020854944
3824,1997,0.119354331,0.021234604
3824,1998,0.117479969,0.021884043
3824,1999,0.117686029,0.022965628
3824,2000,0.119104221,0.024721016
3824,2001,0.120281562,0.026552366
3824,2002,0.121842629,0.028691648
3824,2003,0.123202859,0.031359409
3843,1980,NA,NA
3843,1981,NA,NA
3843,1982,NA,NA
3843,1983,NA,NA
3843,1984,NA,NA
3843,1985,NA,NA
3844,1980,0.027072782,0.004067668
3844,1981,0.020780092,0.004125359
3844,1982,0.018788937,0.004126995
3844,1983,0.021350361,0.004127042
3844,1984,0.02196756,0.004127043
3844,1985,0.02880394,0.004127043
3844,1986,0.033379783,0.00412705
3844,1987,0.038242629,0.004127265
3844,1988,0.024074786,0.004134811
3844,1989,0.016037571,0.004390803
3844,1990,0.013429431,0.009781548
3844,1991,0.010821291,0.011896151
3844,1992,0.008213151,0.012521913
3844,1993,0.005605011,0.011896151
3844,1994,0.002996871,0.009781548
3844,1995,0.00038873,0.004390803
3844,1996,-5.20E-05,0.004134811
3844,1997,-0.000126144,0.004127265
3844,1998,-0.000136443,0.00412705
3844,1999,-0.000125001,0.004127043
3844,2000,-4.51E-05,0.004127043
3844,2001,0.000429906,0.004127043
3844,2002,0.003240496,0.004127044
3844,2003,0.019869602,0.004127051
3844,2004,0.03157626,0.004127328
3844,2005,0.05361547,0.004136994
3844,2006,0.03931312,0.004462204
3942,1987,0.014795819,0
3942,1988,0.014795819,0
3942,1989,0.014795819,0
3942,1990,0.014795819,0
3942,1991,0.014795819,0
3942,1992,0.014795819,0
3942,1993,0.014795819,0
3942,1994,0.014795819,0
3942,1995,0.014795819,0
3942,1996,0.014795819,0
3942,1997,0.014795819,0
3942,1998,0.014795819,0
3942,1999,0.014795819,0
3942,2000,0.014795819,0
3942,2001,0.014795819,0
3942,2002,0.014795819,0
3942,2003,0.014795819,0
3942,2004,0.014795819,0
3942,2005,0.014795819,0
3942,2006,0.014795819,0
3942,2007,0.014795819,0
3942,2008,0.014795819,0
3942,2009,0.014795819,0
3942,2010,0.014795819,0
3942,2011,0.014795819,0
3942,2012,0.014795819,0
3949,1980,0.032759276,0
3949,1981,0.032759276,0
3949,1982,0.032759276,0
3949,1983,0.032759276,0
3949,1984,0.032759276,0
3949,1985,0.032759276,0
3949,1986,0.032759276,0
3949,1987,0.032759276,0
3949,1988,0.032759276,0
3949,1989,0.032759276,0
3949,1990,0.032759276,0
3949,1991,0.032759276,0
3949,1992,0.032759276,0
3949,1993,0.032759276,0
3949,1994,0.032759276,0
3949,1995,0.032759276,0
3949,1996,0.032759276,0
3949,1997,0.032759276,0
3949,1998,0.032759276,0
3949,1999,0.032759276,0
3949,2000,0.032759276,0
3949,2001,0.032759276,0
3949,2002,0.032759276,0
3949,2003,0.032759276,0
3960,1980,0.243371478,0.014315077
3960,1981,0.243393835,0.020216353
3960,1982,0.243438326,0.024726041
3960,1983,0.24350378,0.028512949
3960,1984,0.243609607,0.031838012
3960,1985,0.243756437,0.034834829
3960,1986,0.24394452,0.037583011
3960,1987,0.244172971,0.040134607
3960,1988,0.244439198,0.0425259
3960,1989,0.244770675,0.044785428
3960,1990,0.245192885,0.046935539
3960,1991,0.245682488,0.048989943
3960,1992,0.246136402,0.050961315
3960,1993,0.246649815,0.052862416
3960,1994,0.247098408,0.054701939
3960,1995,0.246873277,0.056487226
3960,1996,0.246600073,0.058224557
3960,1997,0.246393223,0.059919362
3960,1998,0.246209453,0.061576385
3960,1999,0.246049217,0.063193973
3960,2000,0.245936631,0.064778662
3960,2001,0.245837898,0.066327546
3960,2002,0.24575272,0.067843362
3960,2003,0.245682839,0.069328555
3960,2004,0.245628662,0.070785326
3960,2005,0.245588265,0.072215662
3960,2006,0.245565803,0.073621366
